id,estado,error,titulo,anios,ids_internos,json_html
1,404,NA,NA,,,
2,404,NA,NA,,,
3,404,NA,NA,,,
4,404,NA,NA,,,
5,404,NA,NA,,,
6,404,NA,NA,,,
7,404,NA,NA,,,
8,404,NA,NA,,,
9,404,NA,NA,,,
10,404,NA,NA,,,
11,404,NA,NA,,,
12,404,NA,NA,,,
13,404,NA,NA,,,
14,404,NA,NA,,,
15,404,NA,NA,,,
16,404,NA,NA,,,
17,404,NA,NA,,,
18,404,NA,NA,,,
19,404,NA,NA,,,
20,404,NA,NA,,,
21,404,NA,NA,,,
22,404,NA,NA,,,
23,404,NA,NA,,,
24,404,NA,NA,,,
25,404,NA,NA,,,
26,404,NA,NA,,,
27,404,NA,NA,,,
28,404,NA,NA,,,
29,404,NA,NA,,,
30,404,NA,NA,,,
31,404,NA,NA,,,
32,404,NA,NA,,,
33,404,NA,NA,,,
34,404,NA,NA,,,
35,404,NA,NA,,,
36,404,NA,NA,,,
37,404,NA,NA,,,
38,404,NA,NA,,,
39,404,NA,NA,,,
40,200,NA,Cantidad de Institutos de investigación por Provincia,"2017, 2018, 2019, 2020, 2021, 2022, 2023, 2024, 2025","40, 396, 477, 520, 676, 822, 913, 944, 1038",https://cifras.conicet.gov.ar/archivos-grafico/42995882351b572b66855ec8afd54d73.json
41,200,NA,Cantidad de Institutos de investigación por Área de Conocimiento,"2017, 2018, 2019, 2020, 2021, 2022, 2023, 2024, 2025","41, 397, 478, 519, 677, 824, 915, 960, 1039",https://cifras.conicet.gov.ar/archivos-grafico/f2ac9da1f7c885a8a8bdb1092899ca50.json
42,404,NA,NA,,,
43,404,NA,NA,,,
44,404,NA,NA,,,
45,404,NA,NA,,,
46,404,NA,NA,,,
47,404,NA,NA,,,
48,404,NA,NA,,,
49,404,NA,NA,,,
50,404,NA,NA,,,
51,404,NA,NA,,,
52,404,NA,NA,,,
53,404,NA,NA,,,
54,404,NA,NA,,,
55,404,NA,NA,,,
56,404,NA,NA,,,
57,404,NA,NA,,,
58,404,NA,NA,,,
59,404,NA,NA,,,
60,404,NA,NA,,,
61,404,NA,NA,,,
62,404,NA,NA,,,
63,404,NA,NA,,,
64,404,NA,NA,,,
65,404,NA,NA,,,
66,404,NA,NA,,,
67,404,NA,NA,,,
68,404,NA,NA,,,
69,404,NA,NA,,,
70,404,NA,NA,,,
71,200,NA,Oficinas de Vinculación Tecnológica (OVT),,,
72,404,NA,NA,,,
73,404,NA,NA,,,
74,404,NA,NA,,,
75,404,NA,NA,,,
76,404,NA,NA,,,
77,404,NA,NA,,,
78,404,NA,NA,,,
79,404,NA,NA,,,
80,404,NA,NA,,,
81,404,NA,NA,,,
82,404,NA,NA,,,
83,404,NA,NA,,,
84,404,NA,NA,,,
85,404,NA,NA,,,
86,404,NA,NA,,,
87,404,NA,NA,,,
88,404,NA,NA,,,
89,404,NA,NA,,,
90,404,NA,NA,,,
91,404,NA,NA,,,
92,404,NA,NA,,,
93,404,NA,NA,,,
94,404,NA,NA,,,
95,404,NA,NA,,,
96,404,NA,NA,,,
97,404,NA,NA,,,
98,404,NA,NA,,,
99,404,NA,NA,,,
100,404,NA,NA,,,
101,404,NA,NA,,,
102,404,NA,NA,,,
103,404,NA,NA,,,
104,404,NA,NA,,,
105,404,NA,NA,,,
106,200,NA,Presupuesto,"2016, 2017, 2018, 2019, 2020, 2021, 2022, 2023, 2024, 2025","106, 235, 287, 479, 518, 680, 837, 838, 977, 1036",https://cifras.conicet.gov.ar/archivos-grafico/eb42fd6728ff4d9b0eb9885ba27184eb.json
107,404,NA,NA,,,
108,404,NA,NA,,,
109,404,NA,NA,,,
110,404,NA,NA,,,
111,404,NA,NA,,,
112,404,NA,NA,,,
113,404,NA,NA,,,
114,404,NA,NA,,,
115,404,NA,NA,,,
116,404,NA,NA,,,
117,404,NA,NA,,,
118,404,NA,NA,,,
119,404,NA,NA,,,
120,404,NA,NA,,,
121,404,NA,NA,,,
122,404,NA,NA,,,
123,404,NA,NA,,,
124,404,NA,NA,,,
125,404,NA,NA,,,
126,404,NA,NA,,,
127,404,NA,NA,,,
128,404,NA,NA,,,
129,404,NA,NA,,,
130,404,NA,NA,,,
131,404,NA,NA,,,
132,404,NA,NA,,,
133,404,NA,NA,,,
134,404,NA,NA,,,
135,404,NA,NA,,,
136,404,NA,NA,,,
137,404,NA,NA,,,
138,404,NA,NA,,,
139,404,NA,NA,,,
140,404,NA,NA,,,
141,404,NA,NA,,,
142,404,NA,NA,,,
143,404,NA,NA,,,
144,404,NA,NA,,,
145,404,NA,NA,,,
146,404,NA,NA,,,
147,404,NA,NA,,,
148,404,NA,NA,,,
149,404,NA,NA,,,
150,404,NA,NA,,,
151,404,NA,NA,,,
152,404,NA,NA,,,
153,404,NA,NA,,,
154,404,NA,NA,,,
155,404,NA,NA,,,
156,404,NA,NA,,,
157,404,NA,NA,,,
158,404,NA,NA,,,
159,404,NA,NA,,,
160,404,NA,NA,,,
161,404,NA,NA,,,
162,404,NA,NA,,,
163,404,NA,NA,,,
164,404,NA,NA,,,
165,404,NA,NA,,,
166,404,NA,NA,,,
167,404,NA,NA,,,
168,404,NA,NA,,,
169,404,NA,NA,,,
170,404,NA,NA,,,
171,404,NA,NA,,,
172,404,NA,NA,,,
173,404,NA,NA,,,
174,404,NA,NA,,,
175,404,NA,NA,,,
176,404,NA,NA,,,
177,404,NA,NA,,,
178,404,NA,NA,,,
179,404,NA,NA,,,
180,404,NA,NA,,,
181,404,NA,NA,,,
182,404,NA,NA,,,
183,404,NA,NA,,,
184,404,NA,NA,,,
185,404,NA,NA,,,
186,404,NA,NA,,,
187,404,NA,NA,,,
188,404,NA,NA,,,
189,404,NA,NA,,,
190,404,NA,NA,,,
191,404,NA,NA,,,
192,404,NA,NA,,,
193,404,NA,NA,,,
194,404,NA,NA,,,
195,404,NA,NA,,,
196,404,NA,NA,,,
197,404,NA,NA,,,
198,404,NA,NA,,,
199,404,NA,NA,,,
200,404,NA,NA,,,
201,404,NA,NA,,,
202,404,NA,NA,,,
203,404,NA,NA,,,
204,404,NA,NA,,,
205,404,NA,NA,,,
206,404,NA,NA,,,
207,404,NA,NA,,,
208,404,NA,NA,,,
209,404,NA,NA,,,
210,404,NA,NA,,,
211,404,NA,NA,,,
212,404,NA,NA,,,
213,404,NA,NA,,,
214,404,NA,NA,,,
215,404,NA,NA,,,
216,404,NA,NA,,,
217,404,NA,NA,,,
218,404,NA,NA,,,
219,404,NA,NA,,,
220,404,NA,NA,,,
221,404,NA,NA,,,
222,404,NA,NA,,,
223,404,NA,NA,,,
224,404,NA,NA,,,
225,404,NA,NA,,,
226,404,NA,NA,,,
227,404,NA,NA,,,
228,404,NA,NA,,,
229,404,NA,NA,,,
230,404,NA,NA,,,
231,404,NA,NA,,,
232,404,NA,NA,,,
233,404,NA,NA,,,
234,404,NA,NA,,,
235,200,NA,Presupuesto,"2016, 2017, 2018, 2019, 2020, 2021, 2022, 2023, 2024, 2025","106, 235, 287, 479, 518, 680, 837, 838, 977, 1036",https://cifras.conicet.gov.ar/archivos-grafico/63165eb60b424b605f0ea51b62bfae49-Pie.json
236,404,NA,NA,,,
237,404,NA,NA,,,
238,404,NA,NA,,,
239,404,NA,NA,,,
240,404,NA,NA,,,
241,404,NA,NA,,,
242,404,NA,NA,,,
243,404,NA,NA,,,
244,404,NA,NA,,,
245,404,NA,NA,,,
246,404,NA,NA,,,
247,404,NA,NA,,,
248,404,NA,NA,,,
249,404,NA,NA,,,
250,404,NA,NA,,,
251,404,NA,NA,,,
252,404,NA,NA,,,
253,404,NA,NA,,,
254,404,NA,NA,,,
255,404,NA,NA,,,
256,404,NA,NA,,,
257,404,NA,NA,,,
258,404,NA,NA,,,
259,404,NA,NA,,,
260,404,NA,NA,,,
261,404,NA,NA,,,
262,404,NA,NA,,,
263,404,NA,NA,,,
264,404,NA,NA,,,
265,404,NA,NA,,,
266,404,NA,NA,,,
267,404,NA,NA,,,
268,404,NA,NA,,,
269,404,NA,NA,,,
270,404,NA,NA,,,
271,404,NA,NA,,,
272,404,NA,NA,,,
273,404,NA,NA,,,
274,404,NA,NA,,,
275,404,NA,NA,,,
276,404,NA,NA,,,
277,404,NA,NA,,,
278,404,NA,NA,,,
279,404,NA,NA,,,
280,404,NA,NA,,,
281,404,NA,NA,,,
282,404,NA,NA,,,
283,404,NA,NA,,,
284,404,NA,NA,,,
285,404,NA,NA,,,
286,404,NA,NA,,,
287,200,NA,Presupuesto,"2016, 2017, 2018, 2019, 2020, 2021, 2022, 2023, 2024, 2025","106, 235, 287, 479, 518, 680, 837, 838, 977, 1036",https://cifras.conicet.gov.ar/archivos-grafico/d03debf80bfd166dd8261075578c1084.json
288,404,NA,NA,,,
289,200,NA,Cantidad de Proyectos de Investigación Plurianuales (PIP) vigentes por provincia,"2017, 2018, 2019, 2020, 2021, 2022, 2023, 2024, 2025","422, 289, 480, 532, 682, 778, 919, 951, 1044",https://cifras.conicet.gov.ar/archivos-grafico/8d10a75f41ec5b9bd385564b11489e71-Mapa.json
290,200,NA,Cantidad de Proyectos de Investigación Plurianuales (PIP) vigentes por Área de Conocimiento,"2017, 2018, 2019, 2020, 2021, 2022, 2023, 2024, 2025","301, 290, 481, 530, 681, 779, 917, 952, 1042",https://cifras.conicet.gov.ar/archivos-grafico/502a34aed26f8c00519c1356f15a048d.json
291,404,NA,NA,,,
292,404,NA,NA,,,
293,200,NA,Cantidad de Proyectos de Investigación Plurianuales (PIP) vigentes por Disciplina,"2017, 2018, 2019, 2020, 2021, 2022, 2023, 2024, 2025","319, 293, 482, 531, 683, 780, 918, 950, 1043",https://cifras.conicet.gov.ar/archivos-grafico/c757d35ed4c555378b0d0dd116665c67.json
294,200,NA,Cantidad de Proyectos de Investigación Orientada (PIO) vigentes por Disciplina,"2017, 2018, 2019, 2021, 2022, 2023","322, 294, 474, 688, 786, 921",https://cifras.conicet.gov.ar/archivos-grafico/58f3d4b530ec3e630a42783ebc438b91.json
295,200,NA,Cantidad de Proyectos de Investigación Orientada (PIO) vigentes por Área de Conocimiento,"2017, 2018, 2019, 2021, 2022, 2023","321, 295, 485, 686, 785, 922",https://cifras.conicet.gov.ar/archivos-grafico/1f6c0f01a56a5f2096f7d1590264c177.json
296,200,NA,Cantidad de Proyectos de Investigación Orientada (PIO) vigentes por Contraparte,"2017, 2018, 2019, 2021, 2022, 2023","320, 296, 483, 689, 787, 923",https://cifras.conicet.gov.ar/archivos-grafico/42aceb0498bcb7879a2a62175791d592-ColumnSimple.json
297,200,NA,Cantidad de Proyectos de Investigación Orientada (PIO) vigentes por Provincia,"2017, 2018, 2019, 2021, 2022, 2023","314, 297, 486, 687, 784, 920",https://cifras.conicet.gov.ar/archivos-grafico/712c334b01a27d1797659d14616d53b3.json
298,200,NA,Cantidad de Proyectos de Investigación de Unidades Ejecutoras (PUE) vigentes por Provincia,"2017, 2018, 2019, 2020, 2021, 2022, 2023, 2024","318, 298, 473, 525, 684, 782, 927, 949",https://cifras.conicet.gov.ar/archivos-grafico/3a1741567b31ae427a263ee3bf84a1d8-Mapa.json
299,200,NA,Cantidad de Proyectos de Investigación de Unidades Ejecutoras (PUE) vigentes por Área de Conocimiento,"2017, 2018, 2019, 2020, 2021, 2022, 2023, 2024","323, 299, 472, 526, 685, 783, 928, 948",https://cifras.conicet.gov.ar/archivos-grafico/021927ec790216411d8135deee9880cb.json
300,404,NA,NA,,,
301,200,NA,Cantidad de Proyectos de Investigación Plurianuales (PIP) vigentes por Área de Conocimiento,"2017, 2018, 2019, 2020, 2021, 2022, 2023, 2024, 2025","301, 290, 481, 530, 681, 779, 917, 952, 1042",https://cifras.conicet.gov.ar/archivos-grafico/80f977387b524d08009d5b18595ca13d.json
302,404,NA,NA,,,
303,404,NA,NA,,,
304,404,NA,NA,,,
305,404,NA,NA,,,
306,404,NA,NA,,,
307,404,NA,NA,,,
308,404,NA,NA,,,
309,404,NA,NA,,,
310,404,NA,NA,,,
311,404,NA,NA,,,
312,404,NA,NA,,,
313,404,NA,NA,,,
314,200,NA,Cantidad de Proyectos de Investigación Orientada (PIO) vigentes por Provincia,"2017, 2018, 2019, 2021, 2022, 2023","314, 297, 486, 687, 784, 920",https://cifras.conicet.gov.ar/archivos-grafico/03fb0975e8790abbe4f0a392c676b2b1-Mapa.json
315,404,NA,NA,,,
316,404,NA,NA,,,
317,404,NA,NA,,,
318,200,NA,Cantidad de Proyectos de Investigación de Unidades Ejecutoras (PUE) vigentes por Provincia,"2017, 2018, 2019, 2020, 2021, 2022, 2023, 2024","318, 298, 473, 525, 684, 782, 927, 949",https://cifras.conicet.gov.ar/archivos-grafico/2becc863f8526450d28505126d347694-Mapa.json
319,200,NA,Cantidad de Proyectos de Investigación Plurianuales (PIP) vigentes por Disciplina,"2017, 2018, 2019, 2020, 2021, 2022, 2023, 2024, 2025","319, 293, 482, 531, 683, 780, 918, 950, 1043",https://cifras.conicet.gov.ar/archivos-grafico/f7d185a3673bf85b1c1eb7295f07fda5-Bar.json
320,200,NA,Cantidad de Proyectos de Investigación Orientada (PIO) vigentes por Contraparte,"2017, 2018, 2019, 2021, 2022, 2023","320, 296, 483, 689, 787, 923",https://cifras.conicet.gov.ar/archivos-grafico/8e3929f276b280b08099bd80e2da8306-ColumnSimple.json
321,200,NA,Cantidad de Proyectos de Investigación Orientada (PIO) vigentes por Área de Conocimiento,"2017, 2018, 2019, 2021, 2022, 2023","321, 295, 485, 686, 785, 922",https://cifras.conicet.gov.ar/archivos-grafico/85e8801ece02549fd71e884fd74d9dfd.json
322,200,NA,Cantidad de Proyectos de Investigación Orientada (PIO) vigentes por Disciplina,"2017, 2018, 2019, 2021, 2022, 2023","322, 294, 474, 688, 786, 921",https://cifras.conicet.gov.ar/archivos-grafico/ee03e61751acc5076c8d526079f76297-Bar.json
323,200,NA,Cantidad de Proyectos de Investigación de Unidades Ejecutoras (PUE) vigentes por Área de Conocimiento,"2017, 2018, 2019, 2020, 2021, 2022, 2023, 2024","323, 299, 472, 526, 685, 783, 928, 948",https://cifras.conicet.gov.ar/archivos-grafico/6d1cb52dda51af2d6456443f5a8f361e.json
324,404,NA,NA,,,
325,404,NA,NA,,,
326,404,NA,NA,,,
327,404,NA,NA,,,
328,404,NA,NA,,,
329,404,NA,NA,,,
330,200,NA,Cantidad de Proyectos de Cooperación Internacional (PCI) vigentes por Área de Conocimiento,"2017, 2018, 2019, 2020, 2021, 2022, 2023, 2024, 2025","331, 330, 489, 528, 789, 791, 932, 955, 1052",https://cifras.conicet.gov.ar/archivos-grafico/6d386e70a5e286072ada82ea9ecf520b.json
331,200,NA,Cantidad de Proyectos de Cooperación Internacional (PCI) vigentes por Área de Conocimiento,"2017, 2018, 2019, 2020, 2021, 2022, 2023, 2024, 2025","331, 330, 489, 528, 789, 791, 932, 955, 1052",https://cifras.conicet.gov.ar/archivos-grafico/f25634ee61e725a9de12b09ed9d8ea32-Pie.json
332,200,NA,Cantidad de Proyectos de Cooperación Internacional (PCI) vigentes por Provincia,"2017, 2018, 2019, 2020, 2021, 2022, 2023, 2024, 2025","333, 332, 487, 529, 788, 792, 934, 954, 1053",https://cifras.conicet.gov.ar/archivos-grafico/7cc4e872fd639bec807ecddfc7486fdd.json
333,200,NA,Cantidad de Proyectos de Cooperación Internacional (PCI) vigentes por Provincia,"2017, 2018, 2019, 2020, 2021, 2022, 2023, 2024, 2025","333, 332, 487, 529, 788, 792, 934, 954, 1053",https://cifras.conicet.gov.ar/archivos-grafico/348a7f388da67dbe4e4a8d358d4836bf.json
334,200,NA,Cantidad de Proyectos de Cooperación Internacional (PCI) vigentes por País de Contraparte,"2017, 2018, 2019, 2020, 2021, 2022, 2023, 2024, 2025","335, 334, 488, 527, 691, 790, 933, 959, 1049",https://cifras.conicet.gov.ar/archivos-grafico/7255898c9118d3ab38eddae64cf60219.json
335,200,NA,Cantidad de Proyectos de Cooperación Internacional (PCI) vigentes por País de Contraparte,"2017, 2018, 2019, 2020, 2021, 2022, 2023, 2024, 2025","335, 334, 488, 527, 691, 790, 933, 959, 1049",https://cifras.conicet.gov.ar/archivos-grafico/8f1e1af73387b5d5157a29e965896079-ColumnSimple.json
336,200,NA,Cantidad de Proyectos de Investigación vigentes por Provincia,"2017, 2018, 2019, 2020, 2021, 2022, 2023, 2024, 2025","337, 336, 491, 533, 828, 777, 935, 957, 1054",https://cifras.conicet.gov.ar/archivos-grafico/f96019cdb80cf69f2e8e1dd6a4116e6a-Mapa.json
337,200,NA,Cantidad de Proyectos de Investigación vigentes por Provincia,"2017, 2018, 2019, 2020, 2021, 2022, 2023, 2024, 2025","337, 336, 491, 533, 828, 777, 935, 957, 1054",https://cifras.conicet.gov.ar/archivos-grafico/6b6c51f16aae36b2012a3fc9f21ee95a-Mapa.json
338,200,NA,Cantidad de Proyectos de Investigación vigentes por Tipo,"2017, 2018, 2019, 2020, 2021, 2022, 2023, 2024, 2025","399, 338, 492, 535, 690, 774, 937, 958, 1048",https://cifras.conicet.gov.ar/archivos-grafico/903b9552bb9df7d5df78e8dbc0767f95.json
339,404,NA,NA,,,
340,200,NA,Cantidad de Proyectos de Investigación vigentes por Área de Conocimiento,"2017, 2018, 2019, 2020, 2021, 2022, 2023, 2024, 2025","342, 340, 490, 534, 829, 776, 936, 961, 1055",https://cifras.conicet.gov.ar/archivos-grafico/52fee16d132835f57f1d01d5077e6b85.json
341,404,NA,NA,,,
342,200,NA,Cantidad de Proyectos de Investigación vigentes por Área de Conocimiento,"2017, 2018, 2019, 2020, 2021, 2022, 2023, 2024, 2025","342, 340, 490, 534, 829, 776, 936, 961, 1055",https://cifras.conicet.gov.ar/archivos-grafico/c1ad5eaebf6347a7fa173108a570dec5-Pie.json
343,404,NA,NA,,,
344,404,NA,NA,,,
345,404,NA,NA,,,
346,404,NA,NA,,,
347,404,NA,NA,,,
348,404,NA,NA,,,
349,404,NA,NA,,,
350,404,NA,NA,,,
351,404,NA,NA,,,
352,404,NA,NA,,,
353,404,NA,NA,,,
354,404,NA,NA,,,
355,404,NA,NA,,,
356,404,NA,NA,,,
357,404,NA,NA,,,
358,404,NA,NA,,,
359,404,NA,NA,,,
360,404,NA,NA,,,
361,404,NA,NA,,,
362,404,NA,NA,,,
363,404,NA,NA,,,
364,404,NA,NA,,,
365,404,NA,NA,,,
366,404,NA,NA,,,
367,404,NA,NA,,,
368,404,NA,NA,,,
369,404,NA,NA,,,
370,404,NA,NA,,,
371,404,NA,NA,,,
372,404,NA,NA,,,
373,404,NA,NA,,,
374,404,NA,NA,,,
375,404,NA,NA,,,
376,404,NA,NA,,,
377,404,NA,NA,,,
378,404,NA,NA,,,
379,404,NA,NA,,,
380,404,NA,NA,,,
381,404,NA,NA,,,
382,404,NA,NA,,,
383,404,NA,NA,,,
384,404,NA,NA,,,
385,404,NA,NA,,,
386,404,NA,NA,,,
387,404,NA,NA,,,
388,404,NA,NA,,,
389,404,NA,NA,,,
390,404,NA,NA,,,
391,404,NA,NA,,,
392,404,NA,NA,,,
393,404,NA,NA,,,
394,404,NA,NA,,,
395,404,NA,NA,,,
396,200,NA,Cantidad de Institutos de investigación por Provincia,"2017, 2018, 2019, 2020, 2021, 2022, 2023, 2024, 2025","40, 396, 477, 520, 676, 822, 913, 944, 1038",https://cifras.conicet.gov.ar/archivos-grafico/cd571e8ba7d67792d5bd4b4bff761f50-Mapa.json
397,200,NA,Cantidad de Institutos de investigación por Área de Conocimiento,"2017, 2018, 2019, 2020, 2021, 2022, 2023, 2024, 2025","41, 397, 478, 519, 677, 824, 915, 960, 1039",https://cifras.conicet.gov.ar/archivos-grafico/2f4c6d5737728ca61cec43f5bdcb5b8f-Pie.json
398,404,NA,NA,,,
399,200,NA,Cantidad de Proyectos de Investigación vigentes por Tipo,"2017, 2018, 2019, 2020, 2021, 2022, 2023, 2024, 2025","399, 338, 492, 535, 690, 774, 937, 958, 1048",https://cifras.conicet.gov.ar/archivos-grafico/6e25c99a5016b564ec22a8c074351e00-Pie.json
400,404,NA,NA,,,
401,404,NA,NA,,,
402,404,NA,NA,,,
403,404,NA,NA,,,
404,404,NA,NA,,,
405,404,NA,NA,,,
406,404,NA,NA,,,
407,404,NA,NA,,,
408,404,NA,NA,,,
409,404,NA,NA,,,
410,404,NA,NA,,,
411,404,NA,NA,,,
412,404,NA,NA,,,
413,404,NA,NA,,,
414,404,NA,NA,,,
415,404,NA,NA,,,
416,404,NA,NA,,,
417,404,NA,NA,,,
418,404,NA,NA,,,
419,404,NA,NA,,,
420,404,NA,NA,,,
421,404,NA,NA,,,
422,200,NA,Cantidad de Proyectos de Investigación Plurianuales (PIP) vigentes por provincia,"2017, 2018, 2019, 2020, 2021, 2022, 2023, 2024, 2025","422, 289, 480, 532, 682, 778, 919, 951, 1044",https://cifras.conicet.gov.ar/archivos-grafico/d86fa8cd5684660ba6a3741ce9aedf20-Mapa.json
423,404,NA,NA,,,
424,404,NA,NA,,,
425,404,NA,NA,,,
426,404,NA,NA,,,
427,404,NA,NA,,,
428,404,NA,NA,,,
429,404,NA,NA,,,
430,404,NA,NA,,,
431,404,NA,NA,,,
432,404,NA,NA,,,
433,404,NA,NA,,,
434,404,NA,NA,,,
435,404,NA,NA,,,
436,404,NA,NA,,,
437,404,NA,NA,,,
438,404,NA,NA,,,
439,404,NA,NA,,,
440,404,NA,NA,,,
441,404,NA,NA,,,
442,404,NA,NA,,,
443,404,NA,NA,,,
444,404,NA,NA,,,
445,404,NA,NA,,,
446,404,NA,NA,,,
447,404,NA,NA,,,
448,404,NA,NA,,,
449,404,NA,NA,,,
450,404,NA,NA,,,
451,404,NA,NA,,,
452,404,NA,NA,,,
453,404,NA,NA,,,
454,404,NA,NA,,,
455,404,NA,NA,,,
456,404,NA,NA,,,
457,404,NA,NA,,,
458,404,NA,NA,,,
459,404,NA,NA,,,
460,404,NA,NA,,,
461,404,NA,NA,,,
462,404,NA,NA,,,
463,404,NA,NA,,,
464,404,NA,NA,,,
465,404,NA,NA,,,
466,404,NA,NA,,,
467,404,NA,NA,,,
468,404,NA,NA,,,
469,404,NA,NA,,,
470,404,NA,NA,,,
471,404,NA,NA,,,
472,200,NA,Cantidad de Proyectos de Investigación de Unidades Ejecutoras (PUE) vigentes por Área de Conocimiento,"2017, 2018, 2019, 2020, 2021, 2022, 2023, 2024","323, 299, 472, 526, 685, 783, 928, 948",https://cifras.conicet.gov.ar/archivos-grafico/de007386c18cdbf3387654260a1e063f.json
473,200,NA,Cantidad de Proyectos de Investigación de Unidades Ejecutoras (PUE) vigentes por Provincia,"2017, 2018, 2019, 2020, 2021, 2022, 2023, 2024","318, 298, 473, 525, 684, 782, 927, 949",https://cifras.conicet.gov.ar/archivos-grafico/3ed3e497b75a706265a34df4ad75d25e.json
474,200,NA,Cantidad de Proyectos de Investigación Orientada (PIO) vigentes por Disciplina,"2017, 2018, 2019, 2021, 2022, 2023","322, 294, 474, 688, 786, 921",https://cifras.conicet.gov.ar/archivos-grafico/021b5f9aeb9a6a9b5debc620d0854040.json
475,404,NA,NA,,,
476,404,NA,NA,,,
477,200,NA,Cantidad de Institutos de investigación por Provincia,"2017, 2018, 2019, 2020, 2021, 2022, 2023, 2024, 2025","40, 396, 477, 520, 676, 822, 913, 944, 1038",https://cifras.conicet.gov.ar/archivos-grafico/456c2d1be7b7bfca3376361ae2f6cb22.json
478,200,NA,Cantidad de Institutos de investigación por Área de Conocimiento,"2017, 2018, 2019, 2020, 2021, 2022, 2023, 2024, 2025","41, 397, 478, 519, 677, 824, 915, 960, 1039",https://cifras.conicet.gov.ar/archivos-grafico/8e3232bf715fc1a7c8b834d560c30d4e.json
479,200,NA,Presupuesto,"2016, 2017, 2018, 2019, 2020, 2021, 2022, 2023, 2024, 2025","106, 235, 287, 479, 518, 680, 837, 838, 977, 1036",https://cifras.conicet.gov.ar/archivos-grafico/89c790f3438aeecf9425fbdcfed2be06.json
480,200,NA,Cantidad de Proyectos de Investigación Plurianuales (PIP) vigentes por provincia,"2017, 2018, 2019, 2020, 2021, 2022, 2023, 2024, 2025","422, 289, 480, 532, 682, 778, 919, 951, 1044",https://cifras.conicet.gov.ar/archivos-grafico/8da8b75ba1eeec1ab8a57d8b68ddab8f.json
481,200,NA,Cantidad de Proyectos de Investigación Plurianuales (PIP) vigentes por Área de Conocimiento,"2017, 2018, 2019, 2020, 2021, 2022, 2023, 2024, 2025","301, 290, 481, 530, 681, 779, 917, 952, 1042",https://cifras.conicet.gov.ar/archivos-grafico/de612c42561c3824f59bfff8cccc7332.json
482,200,NA,Cantidad de Proyectos de Investigación Plurianuales (PIP) vigentes por Disciplina,"2017, 2018, 2019, 2020, 2021, 2022, 2023, 2024, 2025","319, 293, 482, 531, 683, 780, 918, 950, 1043",https://cifras.conicet.gov.ar/archivos-grafico/d0fbb76b3f1a3f5413641116882fb0af.json
483,200,NA,Cantidad de Proyectos de Investigación Orientada (PIO) vigentes por Contraparte,"2017, 2018, 2019, 2021, 2022, 2023","320, 296, 483, 689, 787, 923",https://cifras.conicet.gov.ar/archivos-grafico/ff23b104e01c53bc0b87f4509a5cfbe7-ColumnSimple.json
484,404,NA,NA,,,
485,200,NA,Cantidad de Proyectos de Investigación Orientada (PIO) vigentes por Área de Conocimiento,"2017, 2018, 2019, 2021, 2022, 2023","321, 295, 485, 686, 785, 922",https://cifras.conicet.gov.ar/archivos-grafico/52f8afbbb32f27e840f311cffe1eb3b0-Pie.json
486,200,NA,Cantidad de Proyectos de Investigación Orientada (PIO) vigentes por Provincia,"2017, 2018, 2019, 2021, 2022, 2023","314, 297, 486, 687, 784, 920",https://cifras.conicet.gov.ar/archivos-grafico/b7e6c1bae2745b3fe7425ee255b1d8a8.json
487,200,NA,Cantidad de Proyectos de Cooperación Internacional (PCI) vigentes por Provincia,"2017, 2018, 2019, 2020, 2021, 2022, 2023, 2024, 2025","333, 332, 487, 529, 788, 792, 934, 954, 1053",https://cifras.conicet.gov.ar/archivos-grafico/994f82fb46a6d1b6af152dda4395df2b-Mapa.json
488,200,NA,Cantidad de Proyectos de Cooperación Internacional (PCI) vigentes por País de Contraparte,"2017, 2018, 2019, 2020, 2021, 2022, 2023, 2024, 2025","335, 334, 488, 527, 691, 790, 933, 959, 1049",https://cifras.conicet.gov.ar/archivos-grafico/733b215471d728eaacd49b61639421a4-ColumnSimple.json
489,200,NA,Cantidad de Proyectos de Cooperación Internacional (PCI) vigentes por Área de Conocimiento,"2017, 2018, 2019, 2020, 2021, 2022, 2023, 2024, 2025","331, 330, 489, 528, 789, 791, 932, 955, 1052",https://cifras.conicet.gov.ar/archivos-grafico/9db10a97cb2252c0713760fc5f8d50c1-Pie.json
490,200,NA,Cantidad de Proyectos de Investigación vigentes por Área de Conocimiento,"2017, 2018, 2019, 2020, 2021, 2022, 2023, 2024, 2025","342, 340, 490, 534, 829, 776, 936, 961, 1055",https://cifras.conicet.gov.ar/archivos-grafico/41e031919f87d1cad2a731113c6b559f-Pie.json
491,200,NA,Cantidad de Proyectos de Investigación vigentes por Provincia,"2017, 2018, 2019, 2020, 2021, 2022, 2023, 2024, 2025","337, 336, 491, 533, 828, 777, 935, 957, 1054",https://cifras.conicet.gov.ar/archivos-grafico/d00854d9a28877406a712aafbb6ad5b8.json
492,200,NA,Cantidad de Proyectos de Investigación vigentes por Tipo,"2017, 2018, 2019, 2020, 2021, 2022, 2023, 2024, 2025","399, 338, 492, 535, 690, 774, 937, 958, 1048",https://cifras.conicet.gov.ar/archivos-grafico/3681e44aa21dc1fc063ce0b231dd96a7-Pie.json
493,404,NA,NA,,,
494,404,NA,NA,,,
495,404,NA,NA,,,
496,404,NA,NA,,,
497,404,NA,NA,,,
498,404,NA,NA,,,
499,404,NA,NA,,,
500,404,NA,NA,,,
501,404,NA,NA,,,
502,404,NA,NA,,,
503,404,NA,NA,,,
504,404,NA,NA,,,
505,404,NA,NA,,,
506,404,NA,NA,,,
507,404,NA,NA,,,
508,404,NA,NA,,,
509,404,NA,NA,,,
510,404,NA,NA,,,
511,404,NA,NA,,,
512,404,NA,NA,,,
513,404,NA,NA,,,
514,404,NA,NA,,,
515,404,NA,NA,,,
516,404,NA,NA,,,
517,404,NA,NA,,,
518,200,NA,Presupuesto,"2016, 2017, 2018, 2019, 2020, 2021, 2022, 2023, 2024, 2025","106, 235, 287, 479, 518, 680, 837, 838, 977, 1036",https://cifras.conicet.gov.ar/archivos-grafico/4cb43b01e1b166e57d93bff339278d1d.json
519,200,NA,Cantidad de Institutos de investigación por Área de Conocimiento,"2017, 2018, 2019, 2020, 2021, 2022, 2023, 2024, 2025","41, 397, 478, 519, 677, 824, 915, 960, 1039",https://cifras.conicet.gov.ar/archivos-grafico/3cd9dd6fe646ae679faf9827c65efc77.json
520,200,NA,Cantidad de Institutos de investigación por Provincia,"2017, 2018, 2019, 2020, 2021, 2022, 2023, 2024, 2025","40, 396, 477, 520, 676, 822, 913, 944, 1038",https://cifras.conicet.gov.ar/archivos-grafico/3ac8c7d11a32ea56b35fd086f6c20fb2.json
521,404,NA,NA,,,
522,404,NA,NA,,,
523,200,NA,Servicios Tecnológicos de Alto Nivel (STAN) prestados por Provincia del Prestador,"2020, 2021, 2022, 2023, 2024, 2025","523, 716, 717, 831, 943, 1051",https://cifras.conicet.gov.ar/archivos-grafico/2567a90f7ffea78ae43984775af55bb6.json
524,200,NA,Monto facturado por Servicios Tecnológicos de Alto Nivel (STAN) según Provincia del Prestador,"2020, 2021, 2022, 2023, 2024, 2025","524, 719, 720, 830, 941, 1050",https://cifras.conicet.gov.ar/archivos-grafico/80da5657fe021fcef1e8b233d87ed518.json
525,200,NA,Cantidad de Proyectos de Investigación de Unidades Ejecutoras (PUE) vigentes por Provincia,"2017, 2018, 2019, 2020, 2021, 2022, 2023, 2024","318, 298, 473, 525, 684, 782, 927, 949",https://cifras.conicet.gov.ar/archivos-grafico/20abe37d6f15d9c70f17cd6af3ed8c6b-Mapa.json
526,200,NA,Cantidad de Proyectos de Investigación de Unidades Ejecutoras (PUE) vigentes por Área de Conocimiento,"2017, 2018, 2019, 2020, 2021, 2022, 2023, 2024","323, 299, 472, 526, 685, 783, 928, 948",https://cifras.conicet.gov.ar/archivos-grafico/19454fcc06697a5b2b4b046fb5bf8448.json
527,200,NA,Cantidad de Proyectos de Cooperación Internacional (PCI) vigentes por País de Contraparte,"2017, 2018, 2019, 2020, 2021, 2022, 2023, 2024, 2025","335, 334, 488, 527, 691, 790, 933, 959, 1049",https://cifras.conicet.gov.ar/archivos-grafico/17f94f2c1398071c26873862277d36ff.json
528,200,NA,Cantidad de Proyectos de Cooperación Internacional (PCI) vigentes por Área de Conocimiento,"2017, 2018, 2019, 2020, 2021, 2022, 2023, 2024, 2025","331, 330, 489, 528, 789, 791, 932, 955, 1052",https://cifras.conicet.gov.ar/archivos-grafico/6f160acde839d32de46e560bc20c2e14-Pie.json
529,200,NA,Cantidad de Proyectos de Cooperación Internacional (PCI) vigentes por Provincia,"2017, 2018, 2019, 2020, 2021, 2022, 2023, 2024, 2025","333, 332, 487, 529, 788, 792, 934, 954, 1053",https://cifras.conicet.gov.ar/archivos-grafico/8c4d9417953f8ecb899887b4e3ece5c8.json
530,200,NA,Cantidad de Proyectos de Investigación Plurianuales (PIP) vigentes por Área de Conocimiento,"2017, 2018, 2019, 2020, 2021, 2022, 2023, 2024, 2025","301, 290, 481, 530, 681, 779, 917, 952, 1042",https://cifras.conicet.gov.ar/archivos-grafico/7a89c43e9d9cf697a9f51769e060c241-Pie.json
531,200,NA,Cantidad de Proyectos de Investigación Plurianuales (PIP) vigentes por Disciplina,"2017, 2018, 2019, 2020, 2021, 2022, 2023, 2024, 2025","319, 293, 482, 531, 683, 780, 918, 950, 1043",https://cifras.conicet.gov.ar/archivos-grafico/3b5c88da19022b921d8a6166df2f2cf9.json
532,200,NA,Cantidad de Proyectos de Investigación Plurianuales (PIP) vigentes por provincia,"2017, 2018, 2019, 2020, 2021, 2022, 2023, 2024, 2025","422, 289, 480, 532, 682, 778, 919, 951, 1044",https://cifras.conicet.gov.ar/archivos-grafico/293304de838446a8e383093bece606c5.json
533,200,NA,Cantidad de Proyectos de Investigación vigentes por Provincia,"2017, 2018, 2019, 2020, 2021, 2022, 2023, 2024, 2025","337, 336, 491, 533, 828, 777, 935, 957, 1054",https://cifras.conicet.gov.ar/archivos-grafico/78fff39e68c9dfa1ca1e1603c187b00a-Mapa.json
534,200,NA,Cantidad de Proyectos de Investigación vigentes por Área de Conocimiento,"2017, 2018, 2019, 2020, 2021, 2022, 2023, 2024, 2025","342, 340, 490, 534, 829, 776, 936, 961, 1055",https://cifras.conicet.gov.ar/archivos-grafico/e63a59a788f1e8d7773f2391c002cae1-Pie.json
535,200,NA,Cantidad de Proyectos de Investigación vigentes por Tipo,"2017, 2018, 2019, 2020, 2021, 2022, 2023, 2024, 2025","399, 338, 492, 535, 690, 774, 937, 958, 1048",https://cifras.conicet.gov.ar/archivos-grafico/f4badcffd84957629289b0bcb6196cca-Pie.json
536,404,NA,NA,,,
537,404,NA,NA,,,
538,404,NA,NA,,,
539,404,NA,NA,,,
540,404,NA,NA,,,
541,404,NA,NA,,,
542,404,NA,NA,,,
543,404,NA,NA,,,
544,404,NA,NA,,,
545,404,NA,NA,,,
546,404,NA,NA,,,
547,404,NA,NA,,,
548,404,NA,NA,,,
549,404,NA,NA,,,
550,404,NA,NA,,,
551,404,NA,NA,,,
552,404,NA,NA,,,
553,404,NA,NA,,,
554,404,NA,NA,,,
555,404,NA,NA,,,
556,404,NA,NA,,,
557,404,NA,NA,,,
558,404,NA,NA,,,
559,404,NA,NA,,,
560,404,NA,NA,,,
561,404,NA,NA,,,
562,404,NA,NA,,,
563,404,NA,NA,,,
564,404,NA,NA,,,
565,404,NA,NA,,,
566,404,NA,NA,,,
567,404,NA,NA,,,
568,404,NA,NA,,,
569,404,NA,NA,,,
570,404,NA,NA,,,
571,404,NA,NA,,,
572,404,NA,NA,,,
573,404,NA,NA,,,
574,404,NA,NA,,,
575,404,NA,NA,,,
576,404,NA,NA,,,
577,404,NA,NA,,,
578,404,NA,NA,,,
579,404,NA,NA,,,
580,404,NA,NA,,,
581,404,NA,NA,,,
582,404,NA,NA,,,
583,404,NA,NA,,,
584,404,NA,NA,,,
585,404,NA,NA,,,
586,404,NA,NA,,,
587,404,NA,NA,,,
588,404,NA,NA,,,
589,404,NA,NA,,,
590,404,NA,NA,,,
591,404,NA,NA,,,
592,404,NA,NA,,,
593,404,NA,NA,,,
594,404,NA,NA,,,
595,404,NA,NA,,,
596,404,NA,NA,,,
597,404,NA,NA,,,
598,404,NA,NA,,,
599,404,NA,NA,,,
600,404,NA,NA,,,
601,404,NA,NA,,,
602,404,NA,NA,,,
603,404,NA,NA,,,
604,404,NA,NA,,,
605,404,NA,NA,,,
606,404,NA,NA,,,
607,404,NA,NA,,,
608,404,NA,NA,,,
609,200,NA,Distribución de la facturación por actividades de Vinculación Tecnológica según tipo de adoptante,"2016, 2017, 2018, 2019, 2020, 2021, 2022, 2023, 2024, 2025","609, 610, 611, 612, 613, 723, 724, 835, 940, 1062",https://cifras.conicet.gov.ar/archivos-grafico/4ee406189a985afc31fa35d1bc094dbd.json
610,200,NA,Distribución de la facturación por actividades de Vinculación Tecnológica según tipo de adoptante,"2016, 2017, 2018, 2019, 2020, 2021, 2022, 2023, 2024, 2025","609, 610, 611, 612, 613, 723, 724, 835, 940, 1062",https://cifras.conicet.gov.ar/archivos-grafico/16ec452d8c1d1206a92446b74106d9de.json
611,200,NA,Distribución de la facturación por actividades de Vinculación Tecnológica según tipo de adoptante,"2016, 2017, 2018, 2019, 2020, 2021, 2022, 2023, 2024, 2025","609, 610, 611, 612, 613, 723, 724, 835, 940, 1062",https://cifras.conicet.gov.ar/archivos-grafico/ccc87843cbe4d7a635c6c06cbe19d96a.json
612,200,NA,Distribución de la facturación por actividades de Vinculación Tecnológica según tipo de adoptante,"2016, 2017, 2018, 2019, 2020, 2021, 2022, 2023, 2024, 2025","609, 610, 611, 612, 613, 723, 724, 835, 940, 1062",https://cifras.conicet.gov.ar/archivos-grafico/08708cfd23aed994ad0fdc5b37112d65.json
613,200,NA,Distribución de la facturación por actividades de Vinculación Tecnológica según tipo de adoptante,"2016, 2017, 2018, 2019, 2020, 2021, 2022, 2023, 2024, 2025","609, 610, 611, 612, 613, 723, 724, 835, 940, 1062",https://cifras.conicet.gov.ar/archivos-grafico/81cfbc34588e3f540423501152f67a6f-Pie.json
614,200,NA,Distribución de la facturación por actividades de Vinculación Tecnológica según provincia del Instituto prestador,"2016, 2017, 2018, 2019, 2020, 2021, 2022, 2023, 2024, 2025","614, 615, 616, 617, 618, 721, 722, 836, 939, 1063",https://cifras.conicet.gov.ar/archivos-grafico/65964f8fe882c4f16518ebd960f75bb3.json
615,200,NA,Distribución de la facturación por actividades de Vinculación Tecnológica según provincia del Instituto prestador,"2016, 2017, 2018, 2019, 2020, 2021, 2022, 2023, 2024, 2025","614, 615, 616, 617, 618, 721, 722, 836, 939, 1063",https://cifras.conicet.gov.ar/archivos-grafico/6fd2c9a59a30b152995ee2eebeef8588.json
616,200,NA,Distribución de la facturación por actividades de Vinculación Tecnológica según provincia del Instituto prestador,"2016, 2017, 2018, 2019, 2020, 2021, 2022, 2023, 2024, 2025","614, 615, 616, 617, 618, 721, 722, 836, 939, 1063",https://cifras.conicet.gov.ar/archivos-grafico/df1611a2c5a5f725ba0fb45fc7785eb1.json
617,200,NA,Distribución de la facturación por actividades de Vinculación Tecnológica según provincia del Instituto prestador,"2016, 2017, 2018, 2019, 2020, 2021, 2022, 2023, 2024, 2025","614, 615, 616, 617, 618, 721, 722, 836, 939, 1063",https://cifras.conicet.gov.ar/archivos-grafico/439480e55ccbdecb13a2905796595eba.json
618,200,NA,Distribución de la facturación por actividades de Vinculación Tecnológica según provincia del Instituto prestador,"2016, 2017, 2018, 2019, 2020, 2021, 2022, 2023, 2024, 2025","614, 615, 616, 617, 618, 721, 722, 836, 939, 1063",https://cifras.conicet.gov.ar/archivos-grafico/338e350e6b471c4bef1049550286da18.json
619,404,NA,NA,,,
620,404,NA,NA,,,
621,404,NA,NA,,,
622,404,NA,NA,,,
623,404,NA,NA,,,
624,404,NA,NA,,,
625,404,NA,NA,,,
626,404,NA,NA,,,
627,404,NA,NA,,,
628,404,NA,NA,,,
629,404,NA,NA,,,
630,404,NA,NA,,,
631,404,NA,NA,,,
632,404,NA,NA,,,
633,404,NA,NA,,,
634,404,NA,NA,,,
635,404,NA,NA,,,
636,404,NA,NA,,,
637,404,NA,NA,,,
638,404,NA,NA,,,
639,404,NA,NA,,,
640,404,NA,NA,,,
641,404,NA,NA,,,
642,404,NA,NA,,,
643,404,NA,NA,,,
644,404,NA,NA,,,
645,404,NA,NA,,,
646,404,NA,NA,,,
647,404,NA,NA,,,
648,404,NA,NA,,,
649,404,NA,NA,,,
650,404,NA,NA,,,
651,404,NA,NA,,,
652,404,NA,NA,,,
653,404,NA,NA,,,
654,404,NA,NA,,,
655,404,NA,NA,,,
656,404,NA,NA,,,
657,404,NA,NA,,,
658,404,NA,NA,,,
659,404,NA,NA,,,
660,404,NA,NA,,,
661,404,NA,NA,,,
662,404,NA,NA,,,
663,404,NA,NA,,,
664,404,NA,NA,,,
665,404,NA,NA,,,
666,404,NA,NA,,,
667,404,NA,NA,,,
668,404,NA,NA,,,
669,404,NA,NA,,,
670,404,NA,NA,,,
671,404,NA,NA,,,
672,404,NA,NA,,,
673,404,NA,NA,,,
674,404,NA,NA,,,
675,404,NA,NA,,,
676,200,NA,Cantidad de Institutos de investigación por Provincia,"2017, 2018, 2019, 2020, 2021, 2022, 2023, 2024, 2025","40, 396, 477, 520, 676, 822, 913, 944, 1038",https://cifras.conicet.gov.ar/archivos-grafico/3212b461abf4b0ca235f19178b1cc1d3.json
677,200,NA,Cantidad de Institutos de investigación por Área de Conocimiento,"2017, 2018, 2019, 2020, 2021, 2022, 2023, 2024, 2025","41, 397, 478, 519, 677, 824, 915, 960, 1039",https://cifras.conicet.gov.ar/archivos-grafico/f8c5db7f2f5f4b64cce76af1ef2561cf.json
678,404,NA,NA,,,
679,404,NA,NA,,,
680,200,NA,Presupuesto,"2016, 2017, 2018, 2019, 2020, 2021, 2022, 2023, 2024, 2025","106, 235, 287, 479, 518, 680, 837, 838, 977, 1036",https://cifras.conicet.gov.ar/archivos-grafico/40452c3e1f217e61f553938cd50e1e7e-Pie.json
681,200,NA,Cantidad de Proyectos de Investigación Plurianuales (PIP) vigentes por Área de Conocimiento,"2017, 2018, 2019, 2020, 2021, 2022, 2023, 2024, 2025","301, 290, 481, 530, 681, 779, 917, 952, 1042",https://cifras.conicet.gov.ar/archivos-grafico/d4ab28e5ebbb8ba6baf2e5c088f7ae30.json
682,200,NA,Cantidad de Proyectos de Investigación Plurianuales (PIP) vigentes por provincia,"2017, 2018, 2019, 2020, 2021, 2022, 2023, 2024, 2025","422, 289, 480, 532, 682, 778, 919, 951, 1044",https://cifras.conicet.gov.ar/archivos-grafico/ed32902a6eb51eec95282ba72b9e7720.json
683,200,NA,Cantidad de Proyectos de Investigación Plurianuales (PIP) vigentes por Disciplina,"2017, 2018, 2019, 2020, 2021, 2022, 2023, 2024, 2025","319, 293, 482, 531, 683, 780, 918, 950, 1043",https://cifras.conicet.gov.ar/archivos-grafico/f78aeee736400df8411c63138b485ff6.json
684,200,NA,Cantidad de Proyectos de Investigación de Unidades Ejecutoras (PUE) vigentes por Provincia,"2017, 2018, 2019, 2020, 2021, 2022, 2023, 2024","318, 298, 473, 525, 684, 782, 927, 949",https://cifras.conicet.gov.ar/archivos-grafico/123ecfbc2ebd22f36b781cffea3dfdf8.json
685,200,NA,Cantidad de Proyectos de Investigación de Unidades Ejecutoras (PUE) vigentes por Área de Conocimiento,"2017, 2018, 2019, 2020, 2021, 2022, 2023, 2024","323, 299, 472, 526, 685, 783, 928, 948",https://cifras.conicet.gov.ar/archivos-grafico/5cd60ce4691a1b109854562dc0d53118.json
686,200,NA,Cantidad de Proyectos de Investigación Orientada (PIO) vigentes por Área de Conocimiento,"2017, 2018, 2019, 2021, 2022, 2023","321, 295, 485, 686, 785, 922",https://cifras.conicet.gov.ar/archivos-grafico/61eefb63b4ac1a9536e26f770fcfebf8.json
687,200,NA,Cantidad de Proyectos de Investigación Orientada (PIO) vigentes por Provincia,"2017, 2018, 2019, 2021, 2022, 2023","314, 297, 486, 687, 784, 920",https://cifras.conicet.gov.ar/archivos-grafico/d0797a2495a414aed6879f8d20653ede-Mapa.json
688,200,NA,Cantidad de Proyectos de Investigación Orientada (PIO) vigentes por Disciplina,"2017, 2018, 2019, 2021, 2022, 2023","322, 294, 474, 688, 786, 921",https://cifras.conicet.gov.ar/archivos-grafico/0ee21d9038cdaf315475f0d8bb4e82c2.json
689,200,NA,Cantidad de Proyectos de Investigación Orientada (PIO) vigentes por Contraparte,"2017, 2018, 2019, 2021, 2022, 2023","320, 296, 483, 689, 787, 923",https://cifras.conicet.gov.ar/archivos-grafico/195ee58f8657514478192bd38f230a71-ColumnSimple.json
690,200,NA,Cantidad de Proyectos de Investigación vigentes por Tipo,"2017, 2018, 2019, 2020, 2021, 2022, 2023, 2024, 2025","399, 338, 492, 535, 690, 774, 937, 958, 1048",https://cifras.conicet.gov.ar/archivos-grafico/8d2f8166addf6d60af7ef734270007fb-Pie.json
691,200,NA,Cantidad de Proyectos de Cooperación Internacional (PCI) vigentes por País de Contraparte,"2017, 2018, 2019, 2020, 2021, 2022, 2023, 2024, 2025","335, 334, 488, 527, 691, 790, 933, 959, 1049",https://cifras.conicet.gov.ar/archivos-grafico/97d31bec27c3514197a1136ee9797c0e.json
692,404,NA,NA,,,
693,404,NA,NA,,,
694,404,NA,NA,,,
695,404,NA,NA,,,
696,404,NA,NA,,,
697,404,NA,NA,,,
698,404,NA,NA,,,
699,404,NA,NA,,,
700,404,NA,NA,,,
701,404,NA,NA,,,
702,404,NA,NA,,,
703,404,NA,NA,,,
704,404,NA,NA,,,
705,404,NA,NA,,,
706,404,NA,NA,,,
707,404,NA,NA,,,
708,404,NA,NA,,,
709,404,NA,NA,,,
710,404,NA,NA,,,
711,404,NA,NA,,,
712,404,NA,NA,,,
713,404,NA,NA,,,
714,404,NA,NA,,,
715,404,NA,NA,,,
716,200,NA,Servicios Tecnológicos de Alto Nivel (STAN) prestados por Provincia del Prestador,"2020, 2021, 2022, 2023, 2024, 2025","523, 716, 717, 831, 943, 1051",https://cifras.conicet.gov.ar/archivos-grafico/67ae81ef6d7e8ad192fc16bafbaa6200-Mapa.json
717,200,NA,Servicios Tecnológicos de Alto Nivel (STAN) prestados por Provincia del Prestador,"2020, 2021, 2022, 2023, 2024, 2025","523, 716, 717, 831, 943, 1051",https://cifras.conicet.gov.ar/archivos-grafico/36616db9a09753a4bfe7594dcd5aae1e-Mapa.json
718,404,NA,NA,,,
719,200,NA,Monto facturado por Servicios Tecnológicos de Alto Nivel (STAN) según Provincia del Prestador,"2020, 2021, 2022, 2023, 2024, 2025","524, 719, 720, 830, 941, 1050",https://cifras.conicet.gov.ar/archivos-grafico/b3840e7ee8ec70551723f27b1b499fb3-Mapa.json
720,200,NA,Monto facturado por Servicios Tecnológicos de Alto Nivel (STAN) según Provincia del Prestador,"2020, 2021, 2022, 2023, 2024, 2025","524, 719, 720, 830, 941, 1050",https://cifras.conicet.gov.ar/archivos-grafico/4ea21018fbf0e8e344230be711715088-Mapa.json
721,200,NA,Distribución de la facturación por actividades de Vinculación Tecnológica según provincia del Instituto prestador,"2016, 2017, 2018, 2019, 2020, 2021, 2022, 2023, 2024, 2025","614, 615, 616, 617, 618, 721, 722, 836, 939, 1063",https://cifras.conicet.gov.ar/archivos-grafico/16db84bbe614b5c0ccb4909dd347ed9a-Mapa.json
722,200,NA,Distribución de la facturación por actividades de Vinculación Tecnológica según provincia del Instituto prestador,"2016, 2017, 2018, 2019, 2020, 2021, 2022, 2023, 2024, 2025","614, 615, 616, 617, 618, 721, 722, 836, 939, 1063",https://cifras.conicet.gov.ar/archivos-grafico/73a51d9c81baa6da51fe9039d7a0cf30-Mapa.json
723,200,NA,Distribución de la facturación por actividades de Vinculación Tecnológica según tipo de adoptante,"2016, 2017, 2018, 2019, 2020, 2021, 2022, 2023, 2024, 2025","609, 610, 611, 612, 613, 723, 724, 835, 940, 1062",https://cifras.conicet.gov.ar/archivos-grafico/a52827b638ae6e65e44b4f0fc28f48ec-Pie.json
724,200,NA,Distribución de la facturación por actividades de Vinculación Tecnológica según tipo de adoptante,"2016, 2017, 2018, 2019, 2020, 2021, 2022, 2023, 2024, 2025","609, 610, 611, 612, 613, 723, 724, 835, 940, 1062",https://cifras.conicet.gov.ar/archivos-grafico/0f0c953de9f0b4752f88b85766e51e6c-Pie.json
725,404,NA,NA,,,
726,404,NA,NA,,,
727,404,NA,NA,,,
728,404,NA,NA,,,
729,404,NA,NA,,,
730,404,NA,NA,,,
731,404,NA,NA,,,
732,404,NA,NA,,,
733,404,NA,NA,,,
734,404,NA,NA,,,
735,404,NA,NA,,,
736,404,NA,NA,,,
737,404,NA,NA,,,
738,404,NA,NA,,,
739,404,NA,NA,,,
740,404,NA,NA,,,
741,404,NA,NA,,,
742,404,NA,NA,,,
743,404,NA,NA,,,
744,404,NA,NA,,,
745,404,NA,NA,,,
746,404,NA,NA,,,
747,404,NA,NA,,,
748,404,NA,NA,,,
749,404,NA,NA,,,
750,404,NA,NA,,,
751,404,NA,NA,,,
752,404,NA,NA,,,
753,404,NA,NA,,,
754,404,NA,NA,,,
755,404,NA,NA,,,
756,404,NA,NA,,,
757,404,NA,NA,,,
758,404,NA,NA,,,
759,404,NA,NA,,,
760,404,NA,NA,,,
761,404,NA,NA,,,
762,404,NA,NA,,,
763,404,NA,NA,,,
764,404,NA,NA,,,
765,404,NA,NA,,,
766,404,NA,NA,,,
767,404,NA,NA,,,
768,404,NA,NA,,,
769,404,NA,NA,,,
770,404,NA,NA,,,
771,404,NA,NA,,,
772,404,NA,NA,,,
773,404,NA,NA,,,
774,200,NA,Cantidad de Proyectos de Investigación vigentes por Tipo,"2017, 2018, 2019, 2020, 2021, 2022, 2023, 2024, 2025","399, 338, 492, 535, 690, 774, 937, 958, 1048",https://cifras.conicet.gov.ar/archivos-grafico/1db387828343e3b9d2b96092cc145618-Pie.json
775,404,NA,NA,,,
776,200,NA,Cantidad de Proyectos de Investigación vigentes por Área de Conocimiento,"2017, 2018, 2019, 2020, 2021, 2022, 2023, 2024, 2025","342, 340, 490, 534, 829, 776, 936, 961, 1055",https://cifras.conicet.gov.ar/archivos-grafico/72e0ec31229ff0959fe3424703e10aa3.json
777,200,NA,Cantidad de Proyectos de Investigación vigentes por Provincia,"2017, 2018, 2019, 2020, 2021, 2022, 2023, 2024, 2025","337, 336, 491, 533, 828, 777, 935, 957, 1054",https://cifras.conicet.gov.ar/archivos-grafico/85e9568f21cd9fea9bd99ff4f9a3061c.json
778,200,NA,Cantidad de Proyectos de Investigación Plurianuales (PIP) vigentes por provincia,"2017, 2018, 2019, 2020, 2021, 2022, 2023, 2024, 2025","422, 289, 480, 532, 682, 778, 919, 951, 1044",https://cifras.conicet.gov.ar/archivos-grafico/8e9961d9655a991f74c6efca14f1be02.json
779,200,NA,Cantidad de Proyectos de Investigación Plurianuales (PIP) vigentes por Área de Conocimiento,"2017, 2018, 2019, 2020, 2021, 2022, 2023, 2024, 2025","301, 290, 481, 530, 681, 779, 917, 952, 1042",https://cifras.conicet.gov.ar/archivos-grafico/26ae1d94eecdb449bc380a742690e0fd.json
780,200,NA,Cantidad de Proyectos de Investigación Plurianuales (PIP) vigentes por Disciplina,"2017, 2018, 2019, 2020, 2021, 2022, 2023, 2024, 2025","319, 293, 482, 531, 683, 780, 918, 950, 1043",https://cifras.conicet.gov.ar/archivos-grafico/a9cc9b06cc6fdf0bb7613c7215cf1fe1.json
781,404,NA,NA,,,
782,200,NA,Cantidad de Proyectos de Investigación de Unidades Ejecutoras (PUE) vigentes por Provincia,"2017, 2018, 2019, 2020, 2021, 2022, 2023, 2024","318, 298, 473, 525, 684, 782, 927, 949",https://cifras.conicet.gov.ar/archivos-grafico/d24804392895b477aaba15df4f12f42d.json
783,200,NA,Cantidad de Proyectos de Investigación de Unidades Ejecutoras (PUE) vigentes por Área de Conocimiento,"2017, 2018, 2019, 2020, 2021, 2022, 2023, 2024","323, 299, 472, 526, 685, 783, 928, 948",https://cifras.conicet.gov.ar/archivos-grafico/476faa9dd4c3c3118bc0419a585fddaa.json
784,200,NA,Cantidad de Proyectos de Investigación Orientada (PIO) vigentes por Provincia,"2017, 2018, 2019, 2021, 2022, 2023","314, 297, 486, 687, 784, 920",https://cifras.conicet.gov.ar/archivos-grafico/5e4719f7f229c91937042b7e765fe72d.json
785,200,NA,Cantidad de Proyectos de Investigación Orientada (PIO) vigentes por Área de Conocimiento,"2017, 2018, 2019, 2021, 2022, 2023","321, 295, 485, 686, 785, 922",https://cifras.conicet.gov.ar/archivos-grafico/486676d5d5bcdf7d03757249abd8dfb2.json
786,200,NA,Cantidad de Proyectos de Investigación Orientada (PIO) vigentes por Disciplina,"2017, 2018, 2019, 2021, 2022, 2023","322, 294, 474, 688, 786, 921",https://cifras.conicet.gov.ar/archivos-grafico/5f1ee445205597da7c3fdca6d59a59aa.json
787,200,NA,Cantidad de Proyectos de Investigación Orientada (PIO) vigentes por Contraparte,"2017, 2018, 2019, 2021, 2022, 2023","320, 296, 483, 689, 787, 923",https://cifras.conicet.gov.ar/archivos-grafico/e16fe4692576180ab6e059293f85268c-ColumnSimple.json
788,200,NA,Cantidad de Proyectos de Cooperación Internacional (PCI) vigentes por Provincia,"2017, 2018, 2019, 2020, 2021, 2022, 2023, 2024, 2025","333, 332, 487, 529, 788, 792, 934, 954, 1053",https://cifras.conicet.gov.ar/archivos-grafico/b922c94090d6379a3277d94aa2974a2c-Mapa.json
789,200,NA,Cantidad de Proyectos de Cooperación Internacional (PCI) vigentes por Área de Conocimiento,"2017, 2018, 2019, 2020, 2021, 2022, 2023, 2024, 2025","331, 330, 489, 528, 789, 791, 932, 955, 1052",https://cifras.conicet.gov.ar/archivos-grafico/49b9c7e1cfa619b26f3a6063e1c68726-Pie.json
790,200,NA,Cantidad de Proyectos de Cooperación Internacional (PCI) vigentes por País de Contraparte,"2017, 2018, 2019, 2020, 2021, 2022, 2023, 2024, 2025","335, 334, 488, 527, 691, 790, 933, 959, 1049",https://cifras.conicet.gov.ar/archivos-grafico/bdb9d2e2b339723ff58525b072f9a28a-ColumnSimple.json
791,200,NA,Cantidad de Proyectos de Cooperación Internacional (PCI) vigentes por Área de Conocimiento,"2017, 2018, 2019, 2020, 2021, 2022, 2023, 2024, 2025","331, 330, 489, 528, 789, 791, 932, 955, 1052",https://cifras.conicet.gov.ar/archivos-grafico/5787a183a2ce1d838f39cd9a186d228c-Pie.json
792,200,NA,Cantidad de Proyectos de Cooperación Internacional (PCI) vigentes por Provincia,"2017, 2018, 2019, 2020, 2021, 2022, 2023, 2024, 2025","333, 332, 487, 529, 788, 792, 934, 954, 1053",https://cifras.conicet.gov.ar/archivos-grafico/1eb6e8f04618bcbbde886342c96f39cf-Mapa.json
793,200,NA,Cantidad de Proyectos de Investigación Bianual (PIBAA) vigentes por provincia,"2022, 2023","793, 926",https://cifras.conicet.gov.ar/archivos-grafico/5ca9459a21d8dda0a9f1106e13a48e69.json
794,200,NA,Cantidad de Proyectos de Investigación Bianual (PIBAA) vigentes por Área de conocimiento,"2022, 2023","794, 924",https://cifras.conicet.gov.ar/archivos-grafico/c8f476fe6248b50840729933b60b144d.json
795,200,NA,Cantidad de Proyectos de Investigación Bianual (PIBAA) vigentes por Disciplina,"2022, 2023","795, 925",https://cifras.conicet.gov.ar/archivos-grafico/9e447ab210b5f3080ca108cc04d676f8.json
796,404,NA,NA,,,
797,404,NA,NA,,,
798,404,NA,NA,,,
799,404,NA,NA,,,
800,404,NA,NA,,,
801,404,NA,NA,,,
802,404,NA,NA,,,
803,404,NA,NA,,,
804,404,NA,NA,,,
805,404,NA,NA,,,
806,404,NA,NA,,,
807,404,NA,NA,,,
808,404,NA,NA,,,
809,404,NA,NA,,,
810,404,NA,NA,,,
811,404,NA,NA,,,
812,404,NA,NA,,,
813,404,NA,NA,,,
814,404,NA,NA,,,
815,404,NA,NA,,,
816,404,NA,NA,,,
817,404,NA,NA,,,
818,404,NA,NA,,,
819,404,NA,NA,,,
820,404,NA,NA,,,
821,404,NA,NA,,,
822,200,NA,Cantidad de Institutos de investigación por Provincia,"2017, 2018, 2019, 2020, 2021, 2022, 2023, 2024, 2025","40, 396, 477, 520, 676, 822, 913, 944, 1038",https://cifras.conicet.gov.ar/archivos-grafico/31c18a8e4bc1f97de300e9c74065118e.json
823,404,NA,NA,,,
824,200,NA,Cantidad de Institutos de investigación por Área de Conocimiento,"2017, 2018, 2019, 2020, 2021, 2022, 2023, 2024, 2025","41, 397, 478, 519, 677, 824, 915, 960, 1039",https://cifras.conicet.gov.ar/archivos-grafico/0680a9951b2737c2916e6f6ac0055042-Pie.json
825,404,NA,NA,,,
826,404,NA,NA,,,
827,200,NA,Directores/as de Red Institucional y Unidades de Gestión por género,"2022, 2023, 2024, 2025","827, 914, 945, 1040",https://cifras.conicet.gov.ar/archivos-grafico/17628bf99be80721d42958b3aef06f22.json
828,200,NA,Cantidad de Proyectos de Investigación vigentes por Provincia,"2017, 2018, 2019, 2020, 2021, 2022, 2023, 2024, 2025","337, 336, 491, 533, 828, 777, 935, 957, 1054",https://cifras.conicet.gov.ar/archivos-grafico/cbc813680719a55f123bba7b98e5b725-Mapa.json
829,200,NA,Cantidad de Proyectos de Investigación vigentes por Área de Conocimiento,"2017, 2018, 2019, 2020, 2021, 2022, 2023, 2024, 2025","342, 340, 490, 534, 829, 776, 936, 961, 1055",https://cifras.conicet.gov.ar/archivos-grafico/c9eba581da954d056e401994adb48663-Pie.json
830,200,NA,Monto facturado por Servicios Tecnológicos de Alto Nivel (STAN) según Provincia del Prestador,"2020, 2021, 2022, 2023, 2024, 2025","524, 719, 720, 830, 941, 1050",https://cifras.conicet.gov.ar/archivos-grafico/8876cc41e0b84eeb8930b000018d24cf.json
831,200,NA,Servicios Tecnológicos de Alto Nivel (STAN) prestados por Provincia del Prestador,"2020, 2021, 2022, 2023, 2024, 2025","523, 716, 717, 831, 943, 1051",https://cifras.conicet.gov.ar/archivos-grafico/c59b55746a45e6d1bc318c27645a064a-Mapa.json
832,200,NA,Solicitudes de Patentes e Invenciones,"2023, 2024, 2025","832, 946, 1059",https://cifras.conicet.gov.ar/archivos-grafico/22db600c7d92744c6c5ea2c413acc51c.json
833,200,NA,Convenios de Vinculación Tecnológica iniciados,"2023, 2024, 2025","833, 942, 1060",https://cifras.conicet.gov.ar/archivos-grafico/c9ca4c6e22449ff2107d5f2b7ecf3aff.json
834,404,NA,NA,,,
835,200,NA,Distribución de la facturación por actividades de Vinculación Tecnológica según tipo de adoptante,"2016, 2017, 2018, 2019, 2020, 2021, 2022, 2023, 2024, 2025","609, 610, 611, 612, 613, 723, 724, 835, 940, 1062",https://cifras.conicet.gov.ar/archivos-grafico/ac2f71aa8c6d47d6d2a7c38288e1ea43.json
836,200,NA,Distribución de la facturación por actividades de Vinculación Tecnológica según provincia del Instituto prestador,"2016, 2017, 2018, 2019, 2020, 2021, 2022, 2023, 2024, 2025","614, 615, 616, 617, 618, 721, 722, 836, 939, 1063",https://cifras.conicet.gov.ar/archivos-grafico/c382be04c578137cc049edf6db0510dd-Mapa.json
837,200,NA,Presupuesto,"2016, 2017, 2018, 2019, 2020, 2021, 2022, 2023, 2024, 2025","106, 235, 287, 479, 518, 680, 837, 838, 977, 1036",https://cifras.conicet.gov.ar/archivos-grafico/fba53619cb115fc627964aadd35e4dfb-Pie.json
838,200,NA,Presupuesto,"2016, 2017, 2018, 2019, 2020, 2021, 2022, 2023, 2024, 2025","106, 235, 287, 479, 518, 680, 837, 838, 977, 1036",https://cifras.conicet.gov.ar/archivos-grafico/7f343c3ece60ca2e5414bd63ce19ef07-Pie.json
839,404,NA,NA,,,
840,404,NA,NA,,,
841,404,NA,NA,,,
842,404,NA,NA,,,
843,404,NA,NA,,,
844,404,NA,NA,,,
845,404,NA,NA,,,
846,404,NA,NA,,,
847,404,NA,NA,,,
848,404,NA,NA,,,
849,404,NA,NA,,,
850,404,NA,NA,,,
851,404,NA,NA,,,
852,404,NA,NA,,,
853,404,NA,NA,,,
854,200,NA,Investigadores por Área de Conocimiento,"2023, 2024, 2025","854, 970, 1149",https://cifras.conicet.gov.ar/archivos-grafico/77f8a8066ee3c12d249a59b905c4ca7e-Pie.json
855,404,NA,NA,,,
856,404,NA,NA,,,
857,200,NA,Personal por Escalafón,"2023, 2024, 2025","857, 963, 1144",https://cifras.conicet.gov.ar/archivos-grafico/5a6fbb3efefe30b014315f06566ec071-Pie.json
858,200,NA,Personal por Escalafón y Categoría,"2023, 2024, 2025","858, 964, 1145",https://cifras.conicet.gov.ar/archivos-grafico/9053d3839a8a6f05922914a1c0514455.json
859,404,NA,NA,,,
860,404,NA,NA,,,
861,404,NA,NA,,,
862,404,NA,NA,,,
863,200,NA,Investigadores por Año y Tipo de Lugar de Trabajo,"2023, 2024, 2025","863, 973, 1152",https://cifras.conicet.gov.ar/archivos-grafico/8cf93f45b923032194afaa2929caa0c2-Pie.json
864,404,NA,NA,,,
865,200,NA,"Investigadores por Categoría, Área de Conocimiento y Año","2023, 2024, 2025","865, 972, 1151",https://cifras.conicet.gov.ar/archivos-grafico/213da34441a57c144473b72af1c32578.json
866,404,NA,NA,,,
867,404,NA,NA,,,
868,200,NA,Personal por Año y Provincia,"2023, 2024, 2025","868, 966, 1147",https://cifras.conicet.gov.ar/archivos-grafico/99af9e2ab533e707458eb79adf31977b-Mapa.json
869,404,NA,NA,,,
870,404,NA,NA,,,
871,404,NA,NA,,,
872,404,NA,NA,,,
873,404,NA,NA,,,
874,404,NA,NA,,,
875,200,NA,Investigadores por Área de Conocimiento y Provincia,"2023, 2024, 2025","875, 976, 1155",https://cifras.conicet.gov.ar/archivos-grafico/3b1ed5a9062374a15834fcdb047349a9-Bar.json
876,200,NA,Investigadores por Provincia y Tipo de Lugar de Trabajo,"2023, 2024, 2025","876, 979, 1156",https://cifras.conicet.gov.ar/archivos-grafico/0db1aca1a0dccd4aa7a231ca03e40c01-Bar.json
877,404,NA,NA,,,
878,404,NA,NA,,,
879,404,NA,NA,,,
880,200,NA,Investigadores por Área de Conocimiento y Tipo de Lugar de Trabajo,"2023, 2024, 2025","880, 974, 1153",https://cifras.conicet.gov.ar/archivos-grafico/a51de0f212a51313d222adb251df8e08-ZoomableCircle.json
881,200,NA,Investigadores por Año y Provincia,"2023, 2024, 2025","881, 975, 1154",https://cifras.conicet.gov.ar/archivos-grafico/ac933c20eacd560a465278fab9ee20e1-Mapa.json
882,200,NA,Relación Becario / Investigador por Provincia,"2023, 2024, 2025","882, 999, 1161",https://cifras.conicet.gov.ar/archivos-grafico/20ec249225ace4d53b47523395ee037a.json
883,404,NA,NA,,,
884,200,NA,Investigadores por Área de Conocimiento y Género,"2023, 2024, 2025","884, 998, 1160",https://cifras.conicet.gov.ar/archivos-grafico/7dbff6a5e032fe92f89e989d2f162e3b-ZoomableSunburst.json
885,404,NA,NA,,,
886,200,NA,Personal de Apoyo por Categoría,"2023, 2024, 2025","886, 1000, 1162",https://cifras.conicet.gov.ar/archivos-grafico/848accd7499af96dcf37d42b4081b12c.json
887,200,NA,Becas financiadas por el CONICET según Área de Conocimiento,"2023, 2024, 2025","887, 1017, 1175",https://cifras.conicet.gov.ar/archivos-grafico/4d6f78ef28493b3b75d91912bd5d444c.json
888,200,NA,Personal de Apoyo según Tipo de Lugar de Trabajo,"2023, 2024, 2025","888, 1001, 1163",https://cifras.conicet.gov.ar/archivos-grafico/fa3a05429cd0039512704a3354a3cced-Pie.json
889,404,NA,NA,,,
890,200,NA,Becas financiadas por el CONICET según Tipo de Beca,"2023, 2024, 2025","890, 1018, 1176",https://cifras.conicet.gov.ar/archivos-grafico/f88058e548a895919d5ec2df9f10e53c.json
891,200,NA,Personal de Apoyo por Categoría y Tipo de Lugar de Trabajo,"2023, 2024, 2025","891, 1002, 1165",https://cifras.conicet.gov.ar/archivos-grafico/cf516559fe8ccf655279245a65fa3978.json
892,200,NA,Personal de Apoyo por Año y Provincia,"2023, 2024, 2025","892, 1003, 1167",https://cifras.conicet.gov.ar/archivos-grafico/f4de2b0ff982ef4e91d601f72672cd0c-Mapa.json
893,404,NA,NA,,,
894,404,NA,NA,,,
895,200,NA,Personal de Apoyo por Categoría y Género,"2023, 2024, 2025","895, 1008, 1170",https://cifras.conicet.gov.ar/archivos-grafico/03d41257c1c3c70f1b965c15c0905c23-ZoomableSunburst.json
896,404,NA,NA,,,
897,200,NA,Relación Personal de Apoyo / Investigador por Provincia,"2023, 2024, 2025","897, 1009, 1171",https://cifras.conicet.gov.ar/archivos-grafico/56484a7e4999c96d0bf249cad4afc090.json
898,404,NA,NA,,,
899,200,NA,Becas financiadas por el CONICET según Tipo de Beca y Área de Conocimiento,"2023, 2024, 2025","899, 1019, 1177",https://cifras.conicet.gov.ar/archivos-grafico/c9db6594179dbeef87dc2c1a73017fa2.json
900,404,NA,NA,,,
901,404,NA,NA,,,
902,200,NA,Becas financiadas por el CONICET por Área de Conocimiento y Tipo de Lugar de Trabajo,"2023, 2024, 2025","902, 1022, 1179",https://cifras.conicet.gov.ar/archivos-grafico/374633546f1c926b2212a841cef12f78-ZoomableCircle.json
903,200,NA,Becas financiadas por el CONICET según Año y Provincia,"2023, 2024, 2025","903, 1024, 1180",https://cifras.conicet.gov.ar/archivos-grafico/590f9cf6fc0e2e2bb373a276467bd477-Mapa.json
904,200,NA,Becas financiadas por el CONICET según Área de Conocimiento y Provincia,"2023, 2024, 2025","904, 1023, 1181",https://cifras.conicet.gov.ar/archivos-grafico/45e76c2c44f241e0c5a49556817aa9c3.json
905,200,NA,Becas financiadas por el CONICET según Provincia y Tipo de Lugar de Trabajo,"2023, 2024, 2025","905, 1025, 1182",https://cifras.conicet.gov.ar/archivos-grafico/a2b65a13f6c6734e25d2d323c07206d8.json
906,404,NA,NA,,,
907,200,NA,Becas financiadas por el CONICET por Tipo de Beca y Género,"2023, 2024, 2025","907, 1032, 1185",https://cifras.conicet.gov.ar/archivos-grafico/20d6abae65fb06cbf5a70291a085d7fb-ZoomableSunburst.json
908,200,NA,Becas financiadas por el CONICET según Área de Conocimiento y Género,"2023, 2024, 2025","908, 1029, 1186",https://cifras.conicet.gov.ar/archivos-grafico/5dd09f1fc4931cf1e4ee30f6d883d905-ZoomableSunburst.json
909,404,NA,NA,,,
910,404,NA,NA,,,
911,200,NA,Investigadores por Categoría,"2023, 2024, 2025","911, 971, 1150",https://cifras.conicet.gov.ar/archivos-grafico/3440b95677c099c3d3ecd8e1a8f45859.json
912,200,NA,Investigadores por Categoría y Género,"2023, 2024, 2025","912, 1035, 1191",https://cifras.conicet.gov.ar/archivos-grafico/b50ceba1097b73abb4cb24697f14c6dd-ZoomableSunburst.json
913,200,NA,Cantidad de Institutos de investigación por Provincia,"2017, 2018, 2019, 2020, 2021, 2022, 2023, 2024, 2025","40, 396, 477, 520, 676, 822, 913, 944, 1038",https://cifras.conicet.gov.ar/archivos-grafico/804620330edfdeb582a75bfc6d3ee979.json
914,200,NA,Directores/as de Red Institucional y Unidades de Gestión por género,"2022, 2023, 2024, 2025","827, 914, 945, 1040",https://cifras.conicet.gov.ar/archivos-grafico/ac2f0707a9ac62b7c02ee7010fdeeb7b.json
915,200,NA,Cantidad de Institutos de investigación por Área de Conocimiento,"2017, 2018, 2019, 2020, 2021, 2022, 2023, 2024, 2025","41, 397, 478, 519, 677, 824, 915, 960, 1039",https://cifras.conicet.gov.ar/archivos-grafico/69f7e65b00d115522ec03a9bba52e3c6.json
916,404,NA,NA,,,
917,200,NA,Cantidad de Proyectos de Investigación Plurianuales (PIP) vigentes por Área de Conocimiento,"2017, 2018, 2019, 2020, 2021, 2022, 2023, 2024, 2025","301, 290, 481, 530, 681, 779, 917, 952, 1042",https://cifras.conicet.gov.ar/archivos-grafico/51e3ebe1592b36c2eb26511ba074348b.json
918,200,NA,Cantidad de Proyectos de Investigación Plurianuales (PIP) vigentes por Disciplina,"2017, 2018, 2019, 2020, 2021, 2022, 2023, 2024, 2025","319, 293, 482, 531, 683, 780, 918, 950, 1043",https://cifras.conicet.gov.ar/archivos-grafico/622d2c10a8436e53f97e51f4d1d8a6f2.json
919,200,NA,Cantidad de Proyectos de Investigación Plurianuales (PIP) vigentes por provincia,"2017, 2018, 2019, 2020, 2021, 2022, 2023, 2024, 2025","422, 289, 480, 532, 682, 778, 919, 951, 1044",https://cifras.conicet.gov.ar/archivos-grafico/c71180773bc911cb303f1fe7d384a046.json
920,200,NA,Cantidad de Proyectos de Investigación Orientada (PIO) vigentes por Provincia,"2017, 2018, 2019, 2021, 2022, 2023","314, 297, 486, 687, 784, 920",https://cifras.conicet.gov.ar/archivos-grafico/0f885b58ca50322fd9fc1b804cb2ea0f.json
921,200,NA,Cantidad de Proyectos de Investigación Orientada (PIO) vigentes por Disciplina,"2017, 2018, 2019, 2021, 2022, 2023","322, 294, 474, 688, 786, 921",https://cifras.conicet.gov.ar/archivos-grafico/dbaf9ae595cb8779344776c47201d894.json
922,200,NA,Cantidad de Proyectos de Investigación Orientada (PIO) vigentes por Área de Conocimiento,"2017, 2018, 2019, 2021, 2022, 2023","321, 295, 485, 686, 785, 922",https://cifras.conicet.gov.ar/archivos-grafico/af0bc8af8f42f9417da1ea47c37b1f8c.json
923,200,NA,Cantidad de Proyectos de Investigación Orientada (PIO) vigentes por Contraparte,"2017, 2018, 2019, 2021, 2022, 2023","320, 296, 483, 689, 787, 923",https://cifras.conicet.gov.ar/archivos-grafico/0fcf31eb865687e70ecfcce4cf34f4e2-ColumnSimple.json
924,200,NA,Cantidad de Proyectos de Investigación Bianual (PIBAA) vigentes por Área de conocimiento,"2022, 2023","794, 924",https://cifras.conicet.gov.ar/archivos-grafico/7b95ad38780db11309332ecbb190b2b2-Pie.json
925,200,NA,Cantidad de Proyectos de Investigación Bianual (PIBAA) vigentes por Disciplina,"2022, 2023","795, 925",https://cifras.conicet.gov.ar/archivos-grafico/b7cf5c7c830796cdc0162170bc5f7c96-Bar.json
926,200,NA,Cantidad de Proyectos de Investigación Bianual (PIBAA) vigentes por provincia,"2022, 2023","793, 926",https://cifras.conicet.gov.ar/archivos-grafico/1045f05cffa98822b03c1d295d350a2d.json
927,200,NA,Cantidad de Proyectos de Investigación de Unidades Ejecutoras (PUE) vigentes por Provincia,"2017, 2018, 2019, 2020, 2021, 2022, 2023, 2024","318, 298, 473, 525, 684, 782, 927, 949",https://cifras.conicet.gov.ar/archivos-grafico/10902727cf3c1d403f11c224ba6dcf88.json
928,200,NA,Cantidad de Proyectos de Investigación de Unidades Ejecutoras (PUE) vigentes por Área de Conocimiento,"2017, 2018, 2019, 2020, 2021, 2022, 2023, 2024","323, 299, 472, 526, 685, 783, 928, 948",https://cifras.conicet.gov.ar/archivos-grafico/939551798f98bc432b02a3c1331f7efe-Pie.json
929,200,NA,"Cantidad de Proyectos para “Preservación, recuperación y digitalización de colecciones de interés científico de Argentina” vigentes por Área de Conocimiento",2023,929,https://cifras.conicet.gov.ar/archivos-grafico/64384cf461e36a5cc9e09389c4e55298-Pie.json
930,200,NA,"Cantidad de Proyectos para “Preservación, recuperación y digitalización de colecciones de interés científico de Argentina” vigentes por provincia",2023,930,https://cifras.conicet.gov.ar/archivos-grafico/449a71f58a61694f172e2cb575bbbb5f-Mapa.json
931,200,NA,"Cantidad de Proyectos para “Preservación, recuperación y digitalización de colecciones de interés científico de Argentina” vigentes por Disciplina",2023,931,https://cifras.conicet.gov.ar/archivos-grafico/e6ae43c8787c15c70f2005bd9259ebcb-Bar.json
932,200,NA,Cantidad de Proyectos de Cooperación Internacional (PCI) vigentes por Área de Conocimiento,"2017, 2018, 2019, 2020, 2021, 2022, 2023, 2024, 2025","331, 330, 489, 528, 789, 791, 932, 955, 1052",https://cifras.conicet.gov.ar/archivos-grafico/fbee87f6ceeb9c02d80b648f75949bdd.json
933,200,NA,Cantidad de Proyectos de Cooperación Internacional (PCI) vigentes por País de Contraparte,"2017, 2018, 2019, 2020, 2021, 2022, 2023, 2024, 2025","335, 334, 488, 527, 691, 790, 933, 959, 1049",https://cifras.conicet.gov.ar/archivos-grafico/73eedcf4989a10382a2ff3a378ceff01-ColumnSimple.json
934,200,NA,Cantidad de Proyectos de Cooperación Internacional (PCI) vigentes por Provincia,"2017, 2018, 2019, 2020, 2021, 2022, 2023, 2024, 2025","333, 332, 487, 529, 788, 792, 934, 954, 1053",https://cifras.conicet.gov.ar/archivos-grafico/dd28857dc036e2020c7baf40f2d0e13c-Mapa.json
935,200,NA,Cantidad de Proyectos de Investigación vigentes por Provincia,"2017, 2018, 2019, 2020, 2021, 2022, 2023, 2024, 2025","337, 336, 491, 533, 828, 777, 935, 957, 1054",https://cifras.conicet.gov.ar/archivos-grafico/8a7ee76f1ad9ad96629f8f39fa58407f.json
936,200,NA,Cantidad de Proyectos de Investigación vigentes por Área de Conocimiento,"2017, 2018, 2019, 2020, 2021, 2022, 2023, 2024, 2025","342, 340, 490, 534, 829, 776, 936, 961, 1055",https://cifras.conicet.gov.ar/archivos-grafico/3b5239bbc0dbaba48e9df8d7113f77bb-Pie.json
937,200,NA,Cantidad de Proyectos de Investigación vigentes por Tipo,"2017, 2018, 2019, 2020, 2021, 2022, 2023, 2024, 2025","399, 338, 492, 535, 690, 774, 937, 958, 1048",https://cifras.conicet.gov.ar/archivos-grafico/b0de79bfa11c4e5006f4b01ed132dabc-Pie.json
938,404,NA,NA,,,
939,200,NA,Distribución de la facturación por actividades de Vinculación Tecnológica según provincia del Instituto prestador,"2016, 2017, 2018, 2019, 2020, 2021, 2022, 2023, 2024, 2025","614, 615, 616, 617, 618, 721, 722, 836, 939, 1063",https://cifras.conicet.gov.ar/archivos-grafico/ef9ce43acf60456cd32d485d339d52f3.json
940,200,NA,Distribución de la facturación por actividades de Vinculación Tecnológica según tipo de adoptante,"2016, 2017, 2018, 2019, 2020, 2021, 2022, 2023, 2024, 2025","609, 610, 611, 612, 613, 723, 724, 835, 940, 1062",https://cifras.conicet.gov.ar/archivos-grafico/5eec5010d06acbcb220b9212e075aee7.json
941,200,NA,Monto facturado por Servicios Tecnológicos de Alto Nivel (STAN) según Provincia del Prestador,"2020, 2021, 2022, 2023, 2024, 2025","524, 719, 720, 830, 941, 1050",https://cifras.conicet.gov.ar/archivos-grafico/12144720681293ed9372f60a72ac9a81.json
942,200,NA,Convenios de Vinculación Tecnológica iniciados,"2023, 2024, 2025","833, 942, 1060",https://cifras.conicet.gov.ar/archivos-grafico/f7b626502d31edf1a9f93718ffaaba76.json
943,200,NA,Servicios Tecnológicos de Alto Nivel (STAN) prestados por Provincia del Prestador,"2020, 2021, 2022, 2023, 2024, 2025","523, 716, 717, 831, 943, 1051",https://cifras.conicet.gov.ar/archivos-grafico/7db3115813dd06911e158a6cc420a807-Mapa.json
944,200,NA,Cantidad de Institutos de investigación por Provincia,"2017, 2018, 2019, 2020, 2021, 2022, 2023, 2024, 2025","40, 396, 477, 520, 676, 822, 913, 944, 1038",https://cifras.conicet.gov.ar/archivos-grafico/ee09e1b196491034187cf60cbce66561.json
945,200,NA,Directores/as de Red Institucional y Unidades de Gestión por género,"2022, 2023, 2024, 2025","827, 914, 945, 1040",https://cifras.conicet.gov.ar/archivos-grafico/99711dab839806bcb34b52b836ecea2b.json
946,200,NA,Solicitudes de Patentes e Invenciones,"2023, 2024, 2025","832, 946, 1059",https://cifras.conicet.gov.ar/archivos-grafico/18b2a20c1b6334f0fb09a24cdbce3187.json
947,404,NA,NA,,,
948,200,NA,Cantidad de Proyectos de Investigación de Unidades Ejecutoras (PUE) vigentes por Área de Conocimiento,"2017, 2018, 2019, 2020, 2021, 2022, 2023, 2024","323, 299, 472, 526, 685, 783, 928, 948",https://cifras.conicet.gov.ar/archivos-grafico/9d5fc1f076802c90420275ff0aaf0f97-Pie.json
949,200,NA,Cantidad de Proyectos de Investigación de Unidades Ejecutoras (PUE) vigentes por Provincia,"2017, 2018, 2019, 2020, 2021, 2022, 2023, 2024","318, 298, 473, 525, 684, 782, 927, 949",https://cifras.conicet.gov.ar/archivos-grafico/6f7684bbd6aaee86978a715e24007935-Mapa.json
950,200,NA,Cantidad de Proyectos de Investigación Plurianuales (PIP) vigentes por Disciplina,"2017, 2018, 2019, 2020, 2021, 2022, 2023, 2024, 2025","319, 293, 482, 531, 683, 780, 918, 950, 1043",https://cifras.conicet.gov.ar/archivos-grafico/d9c65c789b7ecdcb06f8e96ff18f2c6d.json
951,200,NA,Cantidad de Proyectos de Investigación Plurianuales (PIP) vigentes por provincia,"2017, 2018, 2019, 2020, 2021, 2022, 2023, 2024, 2025","422, 289, 480, 532, 682, 778, 919, 951, 1044",https://cifras.conicet.gov.ar/archivos-grafico/43b24e0e7dcf947c63b8956b2d8bbcfd-Mapa.json
952,200,NA,Cantidad de Proyectos de Investigación Plurianuales (PIP) vigentes por Área de Conocimiento,"2017, 2018, 2019, 2020, 2021, 2022, 2023, 2024, 2025","301, 290, 481, 530, 681, 779, 917, 952, 1042",https://cifras.conicet.gov.ar/archivos-grafico/ca6d1d9ac759c4e560f5b96a1c44ead1-Pie.json
953,404,NA,NA,,,
954,200,NA,Cantidad de Proyectos de Cooperación Internacional (PCI) vigentes por Provincia,"2017, 2018, 2019, 2020, 2021, 2022, 2023, 2024, 2025","333, 332, 487, 529, 788, 792, 934, 954, 1053",https://cifras.conicet.gov.ar/archivos-grafico/c89e688962661b23bb972455d37ee0e7-Mapa.json
955,200,NA,Cantidad de Proyectos de Cooperación Internacional (PCI) vigentes por Área de Conocimiento,"2017, 2018, 2019, 2020, 2021, 2022, 2023, 2024, 2025","331, 330, 489, 528, 789, 791, 932, 955, 1052",https://cifras.conicet.gov.ar/archivos-grafico/6f17dd3221f5d332a769a9a32875269e.json
956,404,NA,NA,,,
957,200,NA,Cantidad de Proyectos de Investigación vigentes por Provincia,"2017, 2018, 2019, 2020, 2021, 2022, 2023, 2024, 2025","337, 336, 491, 533, 828, 777, 935, 957, 1054",https://cifras.conicet.gov.ar/archivos-grafico/591fe18187df3057316b6941ff5c1947-Mapa.json
958,200,NA,Cantidad de Proyectos de Investigación vigentes por Tipo,"2017, 2018, 2019, 2020, 2021, 2022, 2023, 2024, 2025","399, 338, 492, 535, 690, 774, 937, 958, 1048",https://cifras.conicet.gov.ar/archivos-grafico/c4c05c2252ef3e66eb4602e80214c5a6-Pie.json
959,200,NA,Cantidad de Proyectos de Cooperación Internacional (PCI) vigentes por País de Contraparte,"2017, 2018, 2019, 2020, 2021, 2022, 2023, 2024, 2025","335, 334, 488, 527, 691, 790, 933, 959, 1049",https://cifras.conicet.gov.ar/archivos-grafico/e36b303f882c2c06b30d510387480542-ColumnSimple.json
960,200,NA,Cantidad de Institutos de investigación por Área de Conocimiento,"2017, 2018, 2019, 2020, 2021, 2022, 2023, 2024, 2025","41, 397, 478, 519, 677, 824, 915, 960, 1039",https://cifras.conicet.gov.ar/archivos-grafico/39ef6575ba50ca1de23727d24dda3124.json
961,200,NA,Cantidad de Proyectos de Investigación vigentes por Área de Conocimiento,"2017, 2018, 2019, 2020, 2021, 2022, 2023, 2024, 2025","342, 340, 490, 534, 829, 776, 936, 961, 1055",https://cifras.conicet.gov.ar/archivos-grafico/306f3130bb4a574ace8f4da387691fc5-Pie.json
962,404,NA,NA,,,
963,200,NA,Personal por Escalafón,"2023, 2024, 2025","857, 963, 1144",https://cifras.conicet.gov.ar/archivos-grafico/b263274655bf98cc2675c925f6e4d14c.json
964,200,NA,Personal por Escalafón y Categoría,"2023, 2024, 2025","858, 964, 1145",https://cifras.conicet.gov.ar/archivos-grafico/e851d32d7696ae6962e25b6178a5db2a.json
965,200,NA,Personal según Tipo de Lugar de Trabajo,"2023, 2024, 2025","969, 965, 1146",https://cifras.conicet.gov.ar/archivos-grafico/681e20933ce58c6162e2877d455dd154.json
966,200,NA,Personal por Año y Provincia,"2023, 2024, 2025","868, 966, 1147",https://cifras.conicet.gov.ar/archivos-grafico/aaa26905b7cb94c8bdb2f8590938a652-Mapa.json
967,200,NA,Personal por Género,"2023, 2024, 2025","968, 967, 1187",https://cifras.conicet.gov.ar/archivos-grafico/bdd5c3b1b2b86ff14058ded843096194-Pie.json
968,200,NA,Personal por Género,"2023, 2024, 2025","968, 967, 1187",https://cifras.conicet.gov.ar/archivos-grafico/0accc34ae39b6633b6163ec52507623d.json
969,200,NA,Personal según Tipo de Lugar de Trabajo,"2023, 2024, 2025","969, 965, 1146",https://cifras.conicet.gov.ar/archivos-grafico/43f107bf57a716fdafb3044eb254a313-Pie.json
970,200,NA,Investigadores por Área de Conocimiento,"2023, 2024, 2025","854, 970, 1149",https://cifras.conicet.gov.ar/archivos-grafico/afd6273507e4f02aad1fd6a101d0c6bd.json
971,200,NA,Investigadores por Categoría,"2023, 2024, 2025","911, 971, 1150",https://cifras.conicet.gov.ar/archivos-grafico/aee1e79f6b5c9c22348f850803ba329c.json
972,200,NA,"Investigadores por Categoría, Área de Conocimiento y Año","2023, 2024, 2025","865, 972, 1151",https://cifras.conicet.gov.ar/archivos-grafico/278ab55a836242b3eef5885bf0565439.json
973,200,NA,Investigadores por Año y Tipo de Lugar de Trabajo,"2023, 2024, 2025","863, 973, 1152",https://cifras.conicet.gov.ar/archivos-grafico/9575d79bcbd8d748b6bf4848635649a9.json
974,200,NA,Investigadores por Área de Conocimiento y Tipo de Lugar de Trabajo,"2023, 2024, 2025","880, 974, 1153",https://cifras.conicet.gov.ar/archivos-grafico/7609925f9ae89aba782caec140771181-ZoomableCircle.json
975,200,NA,Investigadores por Año y Provincia,"2023, 2024, 2025","881, 975, 1154",https://cifras.conicet.gov.ar/archivos-grafico/3d83f88a5858fe43295fba3a992e7024-Mapa.json
976,200,NA,Investigadores por Área de Conocimiento y Provincia,"2023, 2024, 2025","875, 976, 1155",https://cifras.conicet.gov.ar/archivos-grafico/dd069268958c288581f067371499ec92.json
977,200,NA,Presupuesto,"2016, 2017, 2018, 2019, 2020, 2021, 2022, 2023, 2024, 2025","106, 235, 287, 479, 518, 680, 837, 838, 977, 1036",https://cifras.conicet.gov.ar/archivos-grafico/63117d9a94399d37b862ee114ed254e7.json
978,404,NA,NA,,,
979,200,NA,Investigadores por Provincia y Tipo de Lugar de Trabajo,"2023, 2024, 2025","876, 979, 1156",https://cifras.conicet.gov.ar/archivos-grafico/771bff8e42aa4e73dca6fb7a8cd0105e.json
980,404,NA,NA,,,
981,404,NA,NA,,,
982,404,NA,NA,,,
983,404,NA,NA,,,
984,404,NA,NA,,,
985,404,NA,NA,,,
986,404,NA,NA,,,
987,404,NA,NA,,,
988,404,NA,NA,,,
989,404,NA,NA,,,
990,404,NA,NA,,,
991,200,NA,Investigadores por Rango de Edad,"2023, 2024, 2025","991, 994, 1157",https://cifras.conicet.gov.ar/archivos-grafico/8b5a171b173fca3d18124e0b6635003b.json
992,404,NA,NA,,,
993,404,NA,NA,,,
994,200,NA,Investigadores por Rango de Edad,"2023, 2024, 2025","991, 994, 1157",https://cifras.conicet.gov.ar/archivos-grafico/152590fae5ae9422c45fb58cb7a1becb.json
995,200,NA,Investigadores por Género,"2023, 2024, 2025","996, 995, 1188",https://cifras.conicet.gov.ar/archivos-grafico/a2a838ecdf58e808b9d97c94b0e5947a-Pie.json
996,200,NA,Investigadores por Género,"2023, 2024, 2025","996, 995, 1188",https://cifras.conicet.gov.ar/archivos-grafico/1e3f09176318a76f90a86c97e71a6767.json
997,404,NA,NA,,,
998,200,NA,Investigadores por Área de Conocimiento y Género,"2023, 2024, 2025","884, 998, 1160",https://cifras.conicet.gov.ar/archivos-grafico/6f67a7747690186ef4d0e00b677a917d.json
999,200,NA,Relación Becario / Investigador por Provincia,"2023, 2024, 2025","882, 999, 1161",https://cifras.conicet.gov.ar/archivos-grafico/a2a19e7b9b2d19a7731f7d4738e57964.json
1000,200,NA,Personal de Apoyo por Categoría,"2023, 2024, 2025","886, 1000, 1162",https://cifras.conicet.gov.ar/archivos-grafico/fb51b1526ddc2d5e96b56d3488813679.json
1001,200,NA,Personal de Apoyo según Tipo de Lugar de Trabajo,"2023, 2024, 2025","888, 1001, 1163",https://cifras.conicet.gov.ar/archivos-grafico/da165bbc62ba067972c96f2894f6b7a0.json
1002,200,NA,Personal de Apoyo por Categoría y Tipo de Lugar de Trabajo,"2023, 2024, 2025","891, 1002, 1165",https://cifras.conicet.gov.ar/archivos-grafico/822a92f2eb25213843d5bf5d7cb67bf6.json
1003,200,NA,Personal de Apoyo por Año y Provincia,"2023, 2024, 2025","892, 1003, 1167",https://cifras.conicet.gov.ar/archivos-grafico/480512a2d2b019d3bf0f08defcde4090-Mapa.json
1004,200,NA,Personal de Apoyo por Rango de Edad,"2023, 2024, 2025","1005, 1004, 1168",https://cifras.conicet.gov.ar/archivos-grafico/9f085037e1a0538a7bc33becbf4710e2.json
1005,200,NA,Personal de Apoyo por Rango de Edad,"2023, 2024, 2025","1005, 1004, 1168",https://cifras.conicet.gov.ar/archivos-grafico/47291b58c28d15d149f57e7d7d951817-Bar.json
1006,200,NA,Personal de Apoyo por Género,"2023, 2024, 2025","1007, 1006, 1169",https://cifras.conicet.gov.ar/archivos-grafico/6646b4313446a60a9da6d237b98149b5.json
1007,200,NA,Personal de Apoyo por Género,"2023, 2024, 2025","1007, 1006, 1169",https://cifras.conicet.gov.ar/archivos-grafico/c09cae67f78cb84ed10618809d08384c.json
1008,200,NA,Personal de Apoyo por Categoría y Género,"2023, 2024, 2025","895, 1008, 1170",https://cifras.conicet.gov.ar/archivos-grafico/91dc67a2981eb363cc909c8af2eba723.json
1009,200,NA,Relación Personal de Apoyo / Investigador por Provincia,"2023, 2024, 2025","897, 1009, 1171",https://cifras.conicet.gov.ar/archivos-grafico/be94b3ab174dee09cfc8a6b0c7b5430c.json
1010,200,NA,Personal Administrativo por Tipo de Lugar de Trabajo,"2023, 2024, 2025","1011, 1010, 1172",https://cifras.conicet.gov.ar/archivos-grafico/dc8aeaf27b42860aafcb33837251bbfc.json
1011,200,NA,Personal Administrativo por Tipo de Lugar de Trabajo,"2023, 2024, 2025","1011, 1010, 1172",https://cifras.conicet.gov.ar/archivos-grafico/4448298aab65e26258e95b5cab7ca2d3.json
1012,200,NA,Personal Administrativo por Rango de Edad,"2023, 2024, 2025","1013, 1012, 1173",https://cifras.conicet.gov.ar/archivos-grafico/4941bca6a92ba1a9f5519f74396364ea.json
1013,200,NA,Personal Administrativo por Rango de Edad,"2023, 2024, 2025","1013, 1012, 1173",https://cifras.conicet.gov.ar/archivos-grafico/a8c242f4398c298d98f3c737128307b2.json
1014,200,NA,Personal Administrativo por Género,"2023, 2024, 2025","1014, 1015, 1174",https://cifras.conicet.gov.ar/archivos-grafico/52699061984b2b20b951ba97f1d43957.json
1015,200,NA,Personal Administrativo por Género,"2023, 2024, 2025","1014, 1015, 1174",https://cifras.conicet.gov.ar/archivos-grafico/ac91deb10f762a7e947d6b0623ffdac6-Pie.json
1016,404,NA,NA,,,
1017,200,NA,Becas financiadas por el CONICET según Área de Conocimiento,"2023, 2024, 2025","887, 1017, 1175",https://cifras.conicet.gov.ar/archivos-grafico/765fd1d53843d2c0c08328f6b4ef65c7.json
1018,200,NA,Becas financiadas por el CONICET según Tipo de Beca,"2023, 2024, 2025","890, 1018, 1176",https://cifras.conicet.gov.ar/archivos-grafico/327c8dad3e8b9ff3829249688c7d800f-Pie.json
1019,200,NA,Becas financiadas por el CONICET según Tipo de Beca y Área de Conocimiento,"2023, 2024, 2025","899, 1019, 1177",https://cifras.conicet.gov.ar/archivos-grafico/ddad21f0c1b8b4a49e768b4404c63bf3-ZoomableCircle.json
1020,200,NA,Becas financiadas por el CONICET según Tipo de Lugar de Trabajo,"2023, 2024, 2025","1021, 1020, 1178",https://cifras.conicet.gov.ar/archivos-grafico/3e06bd4d5382fa429d6676e64ae8f20a.json
1021,200,NA,Becas financiadas por el CONICET según Tipo de Lugar de Trabajo,"2023, 2024, 2025","1021, 1020, 1178",https://cifras.conicet.gov.ar/archivos-grafico/7ede0fee0422bc0d532f3cb570eb85ef.json
1022,200,NA,Becas financiadas por el CONICET por Área de Conocimiento y Tipo de Lugar de Trabajo,"2023, 2024, 2025","902, 1022, 1179",https://cifras.conicet.gov.ar/archivos-grafico/de02fbf265ee7f60e9d7d0983e25d8bb-ZoomableCircle.json
1023,200,NA,Becas financiadas por el CONICET según Área de Conocimiento y Provincia,"2023, 2024, 2025","904, 1023, 1181",https://cifras.conicet.gov.ar/archivos-grafico/165476c1424a74b509857d39c1ac4067.json
1024,200,NA,Becas financiadas por el CONICET según Año y Provincia,"2023, 2024, 2025","903, 1024, 1180",https://cifras.conicet.gov.ar/archivos-grafico/1a38d9591a8a7a42c08cc4df7e832181-Mapa.json
1025,200,NA,Becas financiadas por el CONICET según Provincia y Tipo de Lugar de Trabajo,"2023, 2024, 2025","905, 1025, 1182",https://cifras.conicet.gov.ar/archivos-grafico/6e1cf4998b5e24588229283af6e7622c.json
1026,200,NA,Becas financiadas por el CONICET según Género.,"2023, 2024, 2025","1027, 1026, 1183",https://cifras.conicet.gov.ar/archivos-grafico/6422bba03fc9a664d34a42cf2f572907.json
1027,200,NA,Becas financiadas por el CONICET según Género.,"2023, 2024, 2025","1027, 1026, 1183",https://cifras.conicet.gov.ar/archivos-grafico/3fbfb5ed16ef601a39d341f4da4a1878.json
1028,404,NA,NA,,,
1029,200,NA,Becas financiadas por el CONICET según Área de Conocimiento y Género,"2023, 2024, 2025","908, 1029, 1186",https://cifras.conicet.gov.ar/archivos-grafico/c7a39b5d2eeeea294d8ac7c80a60c6b1.json
1030,404,NA,NA,,,
1031,200,NA,Empresas de Base Tecnológica (EBT) reconocidas por CONICET según año de constitución,"2024, 2025","1031, 1061",https://cifras.conicet.gov.ar/archivos-grafico/98d240d43301a2e3a54ee2102585b1c7.json
1032,200,NA,Becas financiadas por el CONICET por Tipo de Beca y Género,"2023, 2024, 2025","907, 1032, 1185",https://cifras.conicet.gov.ar/archivos-grafico/f8dfd9946908f56bad1577b3707bfb25-ZoomableSunburst.json
1033,404,NA,NA,,,
1034,404,NA,NA,,,
1035,200,NA,Investigadores por Categoría y Género,"2023, 2024, 2025","912, 1035, 1191",https://cifras.conicet.gov.ar/archivos-grafico/cada455dd94c0b89a7db3b0de1e2a4ec-ZoomableSunburst.json
1036,200,NA,Presupuesto,"2016, 2017, 2018, 2019, 2020, 2021, 2022, 2023, 2024, 2025","106, 235, 287, 479, 518, 680, 837, 838, 977, 1036",https://cifras.conicet.gov.ar/archivos-grafico/9b8796d979ff9906f2258f6513d8c441.json
1037,404,NA,NA,,,
1038,200,NA,Cantidad de Institutos de investigación por Provincia,"2017, 2018, 2019, 2020, 2021, 2022, 2023, 2024, 2025","40, 396, 477, 520, 676, 822, 913, 944, 1038",https://cifras.conicet.gov.ar/archivos-grafico/2d7f9fdb0242a9e623dfa52ef133957d-Mapa.json
1039,200,NA,Cantidad de Institutos de investigación por Área de Conocimiento,"2017, 2018, 2019, 2020, 2021, 2022, 2023, 2024, 2025","41, 397, 478, 519, 677, 824, 915, 960, 1039",https://cifras.conicet.gov.ar/archivos-grafico/12bc64b72887c9c109c2c814ed1fb45c-Pie.json
1040,200,NA,Directores/as de Red Institucional y Unidades de Gestión por género,"2022, 2023, 2024, 2025","827, 914, 945, 1040",https://cifras.conicet.gov.ar/archivos-grafico/2a9de92322b1f8159378bdad9bc019a8-Pie.json
1041,200,NA,Evolución de la cantidad de Institutos de Investigación (Unidades Ejecutoras) por año,,,https://cifras.conicet.gov.ar/archivos-grafico/49a115140d01b01fe5f52ab4463cbeae-Line.json
1042,200,NA,Cantidad de Proyectos de Investigación Plurianuales (PIP) vigentes por Área de Conocimiento,"2017, 2018, 2019, 2020, 2021, 2022, 2023, 2024, 2025","301, 290, 481, 530, 681, 779, 917, 952, 1042",https://cifras.conicet.gov.ar/archivos-grafico/d921c1973d44944b4209098261b06761-Pie.json
1043,200,NA,Cantidad de Proyectos de Investigación Plurianuales (PIP) vigentes por Disciplina,"2017, 2018, 2019, 2020, 2021, 2022, 2023, 2024, 2025","319, 293, 482, 531, 683, 780, 918, 950, 1043",https://cifras.conicet.gov.ar/archivos-grafico/f4f04fc46207b0c55b8fb4dab22868f6.json
1044,200,NA,Cantidad de Proyectos de Investigación Plurianuales (PIP) vigentes por provincia,"2017, 2018, 2019, 2020, 2021, 2022, 2023, 2024, 2025","422, 289, 480, 532, 682, 778, 919, 951, 1044",https://cifras.conicet.gov.ar/archivos-grafico/b1e42527586b5c9d27ef4f4e878220b0.json
1045,404,NA,NA,,,
1046,404,NA,NA,,,
1047,404,NA,NA,,,
1048,200,NA,Cantidad de Proyectos de Investigación vigentes por Tipo,"2017, 2018, 2019, 2020, 2021, 2022, 2023, 2024, 2025","399, 338, 492, 535, 690, 774, 937, 958, 1048",https://cifras.conicet.gov.ar/archivos-grafico/c8214b706a98e4a13e1b4a13e74d7ae7-Pie.json
1049,200,NA,Cantidad de Proyectos de Cooperación Internacional (PCI) vigentes por País de Contraparte,"2017, 2018, 2019, 2020, 2021, 2022, 2023, 2024, 2025","335, 334, 488, 527, 691, 790, 933, 959, 1049",https://cifras.conicet.gov.ar/archivos-grafico/43e297575215afdf7fd36e07becbf040-ColumnSimple.json
1050,200,NA,Monto facturado por Servicios Tecnológicos de Alto Nivel (STAN) según Provincia del Prestador,"2020, 2021, 2022, 2023, 2024, 2025","524, 719, 720, 830, 941, 1050",https://cifras.conicet.gov.ar/archivos-grafico/b627c0281af0594b896ba54e5be57bbb-Mapa.json
1051,200,NA,Servicios Tecnológicos de Alto Nivel (STAN) prestados por Provincia del Prestador,"2020, 2021, 2022, 2023, 2024, 2025","523, 716, 717, 831, 943, 1051",https://cifras.conicet.gov.ar/archivos-grafico/a5ecd1acf72fb41156bb11bb83768a92-Mapa.json
1052,200,NA,Cantidad de Proyectos de Cooperación Internacional (PCI) vigentes por Área de Conocimiento,"2017, 2018, 2019, 2020, 2021, 2022, 2023, 2024, 2025","331, 330, 489, 528, 789, 791, 932, 955, 1052",https://cifras.conicet.gov.ar/archivos-grafico/7b9018056c770eb6fe8fa458cdb4fe50-Pie.json
1053,200,NA,Cantidad de Proyectos de Cooperación Internacional (PCI) vigentes por Provincia,"2017, 2018, 2019, 2020, 2021, 2022, 2023, 2024, 2025","333, 332, 487, 529, 788, 792, 934, 954, 1053",https://cifras.conicet.gov.ar/archivos-grafico/a9ea2c2fabcd12188354d6d99c23ea9a-Mapa.json
1054,200,NA,Cantidad de Proyectos de Investigación vigentes por Provincia,"2017, 2018, 2019, 2020, 2021, 2022, 2023, 2024, 2025","337, 336, 491, 533, 828, 777, 935, 957, 1054",https://cifras.conicet.gov.ar/archivos-grafico/fd6689e80bf6173fda8fc5a22fb294a1-Mapa.json
1055,200,NA,Cantidad de Proyectos de Investigación vigentes por Área de Conocimiento,"2017, 2018, 2019, 2020, 2021, 2022, 2023, 2024, 2025","342, 340, 490, 534, 829, 776, 936, 961, 1055",https://cifras.conicet.gov.ar/archivos-grafico/71bc8caab40866b96bdd3d58fb1894d9-Pie.json
1056,200,NA,Cantidad de Proyectos de Investigación en Temas Estratégicos Territoriales en Red (PIET-R) vigentes según Provincia del titular,2025,1056,https://cifras.conicet.gov.ar/archivos-grafico/5b2f17bdce03fe22889c8b44671bd625-Mapa.json
1057,200,NA,Cantidad de Proyectos de Investigación en Temas Estratégicos Territoriales en Red (PIET-R) vigentes según Área de Conocimiento del titular,2025,1057,https://cifras.conicet.gov.ar/archivos-grafico/78ab7714ac3a99cdf7ea6afc5538ffd0-Pie.json
1058,200,NA,Cantidad de Proyectos de Investigación en Temas Estratégicos Territoriales en Red (PIET-R) vigentes según líneas estratégicas,2025,1058,https://cifras.conicet.gov.ar/archivos-grafico/ea394a00c7c94e6e0e4d2f529a6b0bb6-ColumnSimple.json
1059,200,NA,Solicitudes de Patentes e Invenciones,"2023, 2024, 2025","832, 946, 1059",https://cifras.conicet.gov.ar/archivos-grafico/94b5eff1d1627ddb131177c39fb43a5b-Bar.json
1060,200,NA,Convenios de Vinculación Tecnológica iniciados,"2023, 2024, 2025","833, 942, 1060",https://cifras.conicet.gov.ar/archivos-grafico/d7d20545aacf7fca018bc7c3de5190cd-ColumnSimple.json
1061,200,NA,Empresas de Base Tecnológica (EBT) reconocidas por CONICET según año de constitución,"2024, 2025","1031, 1061",https://cifras.conicet.gov.ar/archivos-grafico/8295569918ce8ef76384324f90bc1c70.json
1062,200,NA,Distribución de la facturación por actividades de Vinculación Tecnológica según tipo de adoptante,"2016, 2017, 2018, 2019, 2020, 2021, 2022, 2023, 2024, 2025","609, 610, 611, 612, 613, 723, 724, 835, 940, 1062",https://cifras.conicet.gov.ar/archivos-grafico/7367683bdf197812438892288dd0dd87.json
1063,200,NA,Distribución de la facturación por actividades de Vinculación Tecnológica según provincia del Instituto prestador,"2016, 2017, 2018, 2019, 2020, 2021, 2022, 2023, 2024, 2025","614, 615, 616, 617, 618, 721, 722, 836, 939, 1063",https://cifras.conicet.gov.ar/archivos-grafico/86e68f4d467d3ae1e636e320c17ea09a.json
1064,200,NA,Distribución de integrantes de organos asesores por provincia,2021,1064,https://cifras.conicet.gov.ar/archivos-grafico/a3c6aaaf310dab55fdb3755e5af03fb3.json
1065,200,NA,Distribución de integrantes de organos asesores de Cs. Agrarias e Ingenierías según provincia,"2021, 2022, 2023, 2024, 2025","1097, 1065, 1099, 1105, 1111, 1071",https://cifras.conicet.gov.ar/archivos-grafico/f6a3f79c97727d801fff37919de2bcba.json
1066,200,NA,Distribución de integrantes de organos asesores de Cs Biológicas y de la Salud según provincia,"2021, 2022, 2023, 2024, 2025","1066, 1100, 1106, 1112, 1072",https://cifras.conicet.gov.ar/archivos-grafico/ce5ee24f51636e9c920488ee4a422fd3.json
1067,200,NA,Distribución de integrantes de organos asesores de Cs Exactas y Naturales según provincia,"2021, 2022, 2023, 2024, 2025","1067, 1101, 1107, 1113, 1073",https://cifras.conicet.gov.ar/archivos-grafico/67c07de913aafdf059f5948acf5a115d.json
1068,200,NA,Distribución de integrantes de organos asesores de Cs Sociales y Humanidades según provincia,"2021, 2022, 2023, 2024, 2025","1068, 1102, 1108, 1114, 1074",https://cifras.conicet.gov.ar/archivos-grafico/a75202fa5f920c092a5f5f027b01b562.json
1069,200,NA,Distribución de integrantes de organos asesores de Comisiones no discipinares según provincia,"2021, 2022, 2023, 2024, 2025","1069, 1103, 1109, 1116, 1075",https://cifras.conicet.gov.ar/archivos-grafico/47799b525dd87a8c9830372deaa9c076.json
1070,200,NA,Distribución de integrantes de organos asesores según por provincia,2025,1070,https://cifras.conicet.gov.ar/archivos-grafico/0f3eabbc3f08badd3df740df0cc87fdb-Mapa.json
1071,200,NA,Distribución de integrantes de organos asesores de Cs. Agrarias e Ingenierías según provincia,"2021, 2022, 2023, 2024, 2025","1097, 1065, 1099, 1105, 1111, 1071",https://cifras.conicet.gov.ar/archivos-grafico/fc817eb35bdb6e2e37a622fe44b4715e.json
1072,200,NA,Distribución de integrantes de organos asesores de Cs Biológicas y de la Salud según provincia,"2021, 2022, 2023, 2024, 2025","1066, 1100, 1106, 1112, 1072",https://cifras.conicet.gov.ar/archivos-grafico/0d6d06f716d822230c31d3d67a9b867b.json
1073,200,NA,Distribución de integrantes de organos asesores de Cs Exactas y Naturales según provincia,"2021, 2022, 2023, 2024, 2025","1067, 1101, 1107, 1113, 1073",https://cifras.conicet.gov.ar/archivos-grafico/b150c42776f16605ce85c7ce2268c090.json
1074,200,NA,Distribución de integrantes de organos asesores de Cs Sociales y Humanidades según provincia,"2021, 2022, 2023, 2024, 2025","1068, 1102, 1108, 1114, 1074",https://cifras.conicet.gov.ar/archivos-grafico/b1f6e4ea5c34300a3f50f91bc881dd62.json
1075,200,NA,Distribución de integrantes de organos asesores de Comisiones no discipinares según provincia,"2021, 2022, 2023, 2024, 2025","1069, 1103, 1109, 1116, 1075",https://cifras.conicet.gov.ar/archivos-grafico/3e76dad9cbc5eca6351956b241a85e60.json
1076,200,NA,Distribución de los integrantes de órganos asesoras según gran área del conocimiento,"2021, 2022, 2024, 2025","1076, 1087, 1088, 1077",https://cifras.conicet.gov.ar/archivos-grafico/e696c42e2f917c7944916963aa34ada1.json
1077,200,NA,Distribución de los integrantes de órganos asesoras según gran área del conocimiento,"2021, 2022, 2024, 2025","1076, 1087, 1088, 1077",https://cifras.conicet.gov.ar/archivos-grafico/8aaf0d5825e3e0e347d0773d5e46cff6.json
1078,404,NA,NA,,,
1079,404,NA,NA,,,
1080,200,NA,Cantidad de órganos asesores Años 2021 -2025,2025,1080,https://cifras.conicet.gov.ar/archivos-grafico/13326446893d0b970c76f2b7593951a6.json
1081,200,NA,"Recursos involucrados en los procesos de evaluación: órganos asesores e integrantes, pares consultores externos, personal de gestión y objetos evaluados","2021, 2022, 2023, 2024, 2025","1081, 1082, 1083, 1084, 1085",https://cifras.conicet.gov.ar/archivos-grafico/b807c6ad7936f4e1c6804530a39393a9.json
1082,200,NA,"Recursos involucrados en los procesos de evaluación: órganos asesores e integrantes, pares consultores externos, personal de gestión y objetos evaluados","2021, 2022, 2023, 2024, 2025","1081, 1082, 1083, 1084, 1085",https://cifras.conicet.gov.ar/archivos-grafico/ba05de30af92a698de2a537eeb845c5a-Bar.json
1083,200,NA,"Recursos involucrados en los procesos de evaluación: órganos asesores e integrantes, pares consultores externos, personal de gestión y objetos evaluados","2021, 2022, 2023, 2024, 2025","1081, 1082, 1083, 1084, 1085",https://cifras.conicet.gov.ar/archivos-grafico/e638ad45078f2f6490b2fe87ababda34-Bar.json
1084,200,NA,"Recursos involucrados en los procesos de evaluación: órganos asesores e integrantes, pares consultores externos, personal de gestión y objetos evaluados","2021, 2022, 2023, 2024, 2025","1081, 1082, 1083, 1084, 1085",https://cifras.conicet.gov.ar/archivos-grafico/2c081ffc07bc7c47796159464df74a10-Bar.json
1085,200,NA,"Recursos involucrados en los procesos de evaluación: órganos asesores e integrantes, pares consultores externos, personal de gestión y objetos evaluados","2021, 2022, 2023, 2024, 2025","1081, 1082, 1083, 1084, 1085",https://cifras.conicet.gov.ar/archivos-grafico/e9ffab7678978b1d44aae53e391fbd56-Bar.json
1086,200,NA,Cantidad de órganos asesores por gran área del conocimiento. Años 2021-2025,2025,1086,
1087,200,NA,Distribución de los integrantes de órganos asesoras según gran área del conocimiento,"2021, 2022, 2024, 2025","1076, 1087, 1088, 1077",https://cifras.conicet.gov.ar/archivos-grafico/75459105bbe862e884dc3fe9fd2fcd01.json
1088,200,NA,Distribución de los integrantes de órganos asesoras según gran área del conocimiento,"2021, 2022, 2024, 2025","1076, 1087, 1088, 1077",https://cifras.conicet.gov.ar/archivos-grafico/3204a55a9d3f616264622ef143e4edbc.json
1089,200,NA,Cantidad de integrantes de órganos asesores Años 2021 -2025,2025,1089,https://cifras.conicet.gov.ar/archivos-grafico/095875a9bfe7a04c7216120f8aa9203d.json
1090,200,NA,Cantidad de integrantes de órganos asesores por gran área del conocimiento. Años 2021-2025,2025,1090,
1091,200,NA,Cantidad de objetos evaluados. Años 2021 -2025,2025,1091,https://cifras.conicet.gov.ar/archivos-grafico/37e9c78329d4bbbfe6a8d751aea5c52a-Line.json
1092,200,NA,Cantidad de pares consultores. Años 2021 -2025,2025,1092,https://cifras.conicet.gov.ar/archivos-grafico/7d51343fad2f48d774c73ec18b2faa16-Line.json
1093,200,NA,Ratio entre objetos evaluados e Integrantes de organos asesores. Años 2021-2025,2025,1093,https://cifras.conicet.gov.ar/archivos-grafico/cbc2f44b3d609b285a90953262b68109-Line.json
1094,200,NA,Ratio entre objetos evaluados e Integrantes del personal de gestión. Años 2021-2025,2025,1094,https://cifras.conicet.gov.ar/archivos-grafico/a5388b6e7eeb8ee4a5cd10de390264fc-Line.json
1095,200,NA,Ratio entre integrantes de órganos asesores e Integrantes del personal de gestión. Años 2021-2025,2025,1095,https://cifras.conicet.gov.ar/archivos-grafico/0c4d508696e29da61e1d2c35bfb3a470-Line.json
1096,200,NA,Distribución de integrantes de organos asesores según provincia,"2021, 2022, 2023, 2024","1096, 1098, 1104, 1110",https://cifras.conicet.gov.ar/archivos-grafico/d167bc3e6c8876f62c257ab65f6727d3-Mapa.json
1097,200,NA,Distribución de integrantes de organos asesores de Cs. Agrarias e Ingenierías según provincia,"2021, 2022, 2023, 2024, 2025","1097, 1065, 1099, 1105, 1111, 1071",https://cifras.conicet.gov.ar/archivos-grafico/7f537d42f498048dd04c48b0582af94b-Mapa.json
1098,200,NA,Distribución de integrantes de organos asesores según provincia,"2021, 2022, 2023, 2024","1096, 1098, 1104, 1110",https://cifras.conicet.gov.ar/archivos-grafico/ba3ed4ec04d11550d960d58821be6eda-Mapa.json
1099,200,NA,Distribución de integrantes de organos asesores de Cs. Agrarias e Ingenierías según provincia,"2021, 2022, 2023, 2024, 2025","1097, 1065, 1099, 1105, 1111, 1071",https://cifras.conicet.gov.ar/archivos-grafico/8b9980b3859557d007d1ffaee4ebdcb3-Mapa.json
1100,200,NA,Distribución de integrantes de organos asesores de Cs Biológicas y de la Salud según provincia,"2021, 2022, 2023, 2024, 2025","1066, 1100, 1106, 1112, 1072",https://cifras.conicet.gov.ar/archivos-grafico/7b507c1b75c712404b5d29d855877363-Mapa.json
1101,200,NA,Distribución de integrantes de organos asesores de Cs Exactas y Naturales según provincia,"2021, 2022, 2023, 2024, 2025","1067, 1101, 1107, 1113, 1073",https://cifras.conicet.gov.ar/archivos-grafico/cb09c744cba7cf60fc775a5833b630e2-Mapa.json
1102,200,NA,Distribución de integrantes de organos asesores de Cs Sociales y Humanidades según provincia,"2021, 2022, 2023, 2024, 2025","1068, 1102, 1108, 1114, 1074",https://cifras.conicet.gov.ar/archivos-grafico/effe85ce41f43ee22d6257c50b88e58d-Mapa.json
1103,200,NA,Distribución de integrantes de organos asesores de Comisiones no discipinares según provincia,"2021, 2022, 2023, 2024, 2025","1069, 1103, 1109, 1116, 1075",https://cifras.conicet.gov.ar/archivos-grafico/d0eb2d10e286fc230243e657746ada8d-Mapa.json
1104,200,NA,Distribución de integrantes de organos asesores según provincia,"2021, 2022, 2023, 2024","1096, 1098, 1104, 1110",https://cifras.conicet.gov.ar/archivos-grafico/ae2e776542f969e83e6df6c4a307a4a1-Mapa.json
1105,200,NA,Distribución de integrantes de organos asesores de Cs. Agrarias e Ingenierías según provincia,"2021, 2022, 2023, 2024, 2025","1097, 1065, 1099, 1105, 1111, 1071",https://cifras.conicet.gov.ar/archivos-grafico/a11ae769849b75cc9df4608f7d1697b0-Mapa.json
1106,200,NA,Distribución de integrantes de organos asesores de Cs Biológicas y de la Salud según provincia,"2021, 2022, 2023, 2024, 2025","1066, 1100, 1106, 1112, 1072",https://cifras.conicet.gov.ar/archivos-grafico/66f6fc95acd020252b820af563e68bfe-Mapa.json
1107,200,NA,Distribución de integrantes de organos asesores de Cs Exactas y Naturales según provincia,"2021, 2022, 2023, 2024, 2025","1067, 1101, 1107, 1113, 1073",https://cifras.conicet.gov.ar/archivos-grafico/28725b4eab3e8ea7863d55a03ec0a824-Mapa.json
1108,200,NA,Distribución de integrantes de organos asesores de Cs Sociales y Humanidades según provincia,"2021, 2022, 2023, 2024, 2025","1068, 1102, 1108, 1114, 1074",https://cifras.conicet.gov.ar/archivos-grafico/2bbba13305b132bf51ae76c1a6f0d6e2-Mapa.json
1109,200,NA,Distribución de integrantes de organos asesores de Comisiones no discipinares según provincia,"2021, 2022, 2023, 2024, 2025","1069, 1103, 1109, 1116, 1075",https://cifras.conicet.gov.ar/archivos-grafico/25f09f131184a5ce7b547efdd01cb947-Mapa.json
1110,200,NA,Distribución de integrantes de organos asesores según provincia,"2021, 2022, 2023, 2024","1096, 1098, 1104, 1110",https://cifras.conicet.gov.ar/archivos-grafico/78b083908b678afaf01c407de9f2c1c3-Mapa.json
1111,200,NA,Distribución de integrantes de organos asesores de Cs. Agrarias e Ingenierías según provincia,"2021, 2022, 2023, 2024, 2025","1097, 1065, 1099, 1105, 1111, 1071",https://cifras.conicet.gov.ar/archivos-grafico/073d8eafd14138d897266b399241333a-Mapa.json
1112,200,NA,Distribución de integrantes de organos asesores de Cs Biológicas y de la Salud según provincia,"2021, 2022, 2023, 2024, 2025","1066, 1100, 1106, 1112, 1072",https://cifras.conicet.gov.ar/archivos-grafico/c592e3dc74891686c049f48601eb13b3-Mapa.json
1113,200,NA,Distribución de integrantes de organos asesores de Cs Exactas y Naturales según provincia,"2021, 2022, 2023, 2024, 2025","1067, 1101, 1107, 1113, 1073",https://cifras.conicet.gov.ar/archivos-grafico/360cfb0e938692b08d7616d7cc0d6168-Mapa.json
1114,200,NA,Distribución de integrantes de organos asesores de Cs Sociales y Humanidades según provincia,"2021, 2022, 2023, 2024, 2025","1068, 1102, 1108, 1114, 1074",https://cifras.conicet.gov.ar/archivos-grafico/ee02d9226c66c0821d15b80df37f093e-Mapa.json
1115,200,NA,Distribución de integrantes de organos asesores de las comisiones de Tecnologia según provincia,"2021, 2022, 2023, 2024, 2025","1119, 1118, 1117, 1115, 1120",https://cifras.conicet.gov.ar/archivos-grafico/c00fef616d369686e7196d8371268b16-Mapa.json
1116,200,NA,Distribución de integrantes de organos asesores de Comisiones no discipinares según provincia,"2021, 2022, 2023, 2024, 2025","1069, 1103, 1109, 1116, 1075",https://cifras.conicet.gov.ar/archivos-grafico/a4ab945d530cf0435fabc401ba7c7aeb-Mapa.json
1117,200,NA,Distribución de integrantes de organos asesores de las comisiones de Tecnologia según provincia,"2021, 2022, 2023, 2024, 2025","1119, 1118, 1117, 1115, 1120",https://cifras.conicet.gov.ar/archivos-grafico/c1b357f719513935573d8f18a1a3df24-Mapa.json
1118,200,NA,Distribución de integrantes de organos asesores de las comisiones de Tecnologia según provincia,"2021, 2022, 2023, 2024, 2025","1119, 1118, 1117, 1115, 1120",https://cifras.conicet.gov.ar/archivos-grafico/7eebcc619443af7c24328b468f801872-Mapa.json
1119,200,NA,Distribución de integrantes de organos asesores de las comisiones de Tecnologia según provincia,"2021, 2022, 2023, 2024, 2025","1119, 1118, 1117, 1115, 1120",https://cifras.conicet.gov.ar/archivos-grafico/3ce43bdb38252ad12ec386594ad262fd-Mapa.json
1120,200,NA,Distribución de integrantes de organos asesores de las comisiones de Tecnologia según provincia,"2021, 2022, 2023, 2024, 2025","1119, 1118, 1117, 1115, 1120",https://cifras.conicet.gov.ar/archivos-grafico/31a5bf99f23a994d89c84af07c69e912-Mapa.json
1121,200,NA,"Recursos que participan en los procesos de evaluación de becas : Integrantes de órganos asesores, cantidad de organos asesores, objetos evaluados","2021, 2022, 2023, 2024, 2025","1121, 1122, 1123, 1124, 1125",https://cifras.conicet.gov.ar/archivos-grafico/51f1ad8dbd84eea71edb0cf791fa01d5.json
1122,200,NA,"Recursos que participan en los procesos de evaluación de becas : Integrantes de órganos asesores, cantidad de organos asesores, objetos evaluados","2021, 2022, 2023, 2024, 2025","1121, 1122, 1123, 1124, 1125",https://cifras.conicet.gov.ar/archivos-grafico/93b36eb44270492cd22361d164628ea2-Bar.json
1123,200,NA,"Recursos que participan en los procesos de evaluación de becas : Integrantes de órganos asesores, cantidad de organos asesores, objetos evaluados","2021, 2022, 2023, 2024, 2025","1121, 1122, 1123, 1124, 1125",https://cifras.conicet.gov.ar/archivos-grafico/723b497d39a3f48257d9f1f096583d21-Bar.json
1124,200,NA,"Recursos que participan en los procesos de evaluación de becas : Integrantes de órganos asesores, cantidad de organos asesores, objetos evaluados","2021, 2022, 2023, 2024, 2025","1121, 1122, 1123, 1124, 1125",https://cifras.conicet.gov.ar/archivos-grafico/40516c97b2d0f47f22c71a00c5226f29-Bar.json
1125,200,NA,"Recursos que participan en los procesos de evaluación de becas : Integrantes de órganos asesores, cantidad de organos asesores, objetos evaluados","2021, 2022, 2023, 2024, 2025","1121, 1122, 1123, 1124, 1125",https://cifras.conicet.gov.ar/archivos-grafico/98a2e9988fa6592f43419694d4154c11-Bar.json
1126,200,NA,"Recursos que participan en los procesos de evaluación de la CICyT : Integrantes de órganos asesores, Pares externos, cantidad de organos asesores, objetos evaluados","2021, 2022, 2023, 2024, 2025","1126, 1127, 1128, 1129, 1130",https://cifras.conicet.gov.ar/archivos-grafico/01992a352548aa6a4352e673aa19a6a7-Bar.json
1127,200,NA,"Recursos que participan en los procesos de evaluación de la CICyT : Integrantes de órganos asesores, Pares externos, cantidad de organos asesores, objetos evaluados","2021, 2022, 2023, 2024, 2025","1126, 1127, 1128, 1129, 1130",https://cifras.conicet.gov.ar/archivos-grafico/616738bc1243989174cab41fbce96881-Bar.json
1128,200,NA,"Recursos que participan en los procesos de evaluación de la CICyT : Integrantes de órganos asesores, Pares externos, cantidad de organos asesores, objetos evaluados","2021, 2022, 2023, 2024, 2025","1126, 1127, 1128, 1129, 1130",https://cifras.conicet.gov.ar/archivos-grafico/1344393b2c0bc06b6d6dca1eb95f3fd8-Bar.json
1129,200,NA,"Recursos que participan en los procesos de evaluación de la CICyT : Integrantes de órganos asesores, Pares externos, cantidad de organos asesores, objetos evaluados","2021, 2022, 2023, 2024, 2025","1126, 1127, 1128, 1129, 1130",https://cifras.conicet.gov.ar/archivos-grafico/e21312b33785f0b151db1c780a12feb0-Bar.json
1130,200,NA,"Recursos que participan en los procesos de evaluación de la CICyT : Integrantes de órganos asesores, Pares externos, cantidad de organos asesores, objetos evaluados","2021, 2022, 2023, 2024, 2025","1126, 1127, 1128, 1129, 1130",https://cifras.conicet.gov.ar/archivos-grafico/393c8ae038b9ef0bf3c8b3b03bbf700d-Bar.json
1131,200,NA,"Recursos que participan en los procesos de evaluación de financiamiento: Integrantes de órganos asesores, Pares externos, cantidad de organos asesores, objetos evaluados","2021, 2022, 2023, 2024, 2025","1131, 1132, 1133, 1134, 1135",https://cifras.conicet.gov.ar/archivos-grafico/3bfe19c2dadcad077a8af68e498a66d1.json
1132,200,NA,"Recursos que participan en los procesos de evaluación de financiamiento: Integrantes de órganos asesores, Pares externos, cantidad de organos asesores, objetos evaluados","2021, 2022, 2023, 2024, 2025","1131, 1132, 1133, 1134, 1135",https://cifras.conicet.gov.ar/archivos-grafico/737b1cc85c250004382ba7ce18bb7e71-Bar.json
1133,200,NA,"Recursos que participan en los procesos de evaluación de financiamiento: Integrantes de órganos asesores, Pares externos, cantidad de organos asesores, objetos evaluados","2021, 2022, 2023, 2024, 2025","1131, 1132, 1133, 1134, 1135",https://cifras.conicet.gov.ar/archivos-grafico/8f43d13afd19a94286733d7e04952e9f-Bar.json
1134,200,NA,"Recursos que participan en los procesos de evaluación de financiamiento: Integrantes de órganos asesores, Pares externos, cantidad de organos asesores, objetos evaluados","2021, 2022, 2023, 2024, 2025","1131, 1132, 1133, 1134, 1135",https://cifras.conicet.gov.ar/archivos-grafico/b9b63aa4e930558995bc9881e99a91c3.json
1135,200,NA,"Recursos que participan en los procesos de evaluación de financiamiento: Integrantes de órganos asesores, Pares externos, cantidad de organos asesores, objetos evaluados","2021, 2022, 2023, 2024, 2025","1131, 1132, 1133, 1134, 1135",https://cifras.conicet.gov.ar/archivos-grafico/a009e6b1500c1db8424d7b5a6530b9f2-Bar.json
1136,200,NA,Cantidad de órganos asesores que evalúan becas por gran área. Años 2021-2025,2025,1136,
1137,200,NA,Cantidad de integrantes de órganos asesores que evalúan becas por gran área. Años 2021-2025,2025,1137,
1138,200,NA,Cantidad de órganos asesores que evalúan la CICyT por gran área. Años 2021-2025,2025,1138,
1139,200,NA,Cantidad de integrantes de órganos asesores que evalúan la CICyT gran área. Años 2021-2025,2025,1139,
1140,200,NA,Cantidad de órganos asesores que evalúan asuntos de financiamiento. Años 2021-2025,2025,1140,
1141,200,NA,Cantidad de integrantes de órganos asesores que evalúan asuntos de financiamiento por gran área. Años 2021-2025,2025,1141,
1142,200,NA,Distribución de integrantes de organos asesores según sexo. Total y por Gran área del Conocimiento,2023,1142,https://cifras.conicet.gov.ar/archivos-grafico/4553f3205ebec25bf42e33419867f6db-Column.json
1143,404,NA,NA,,,
1144,200,NA,Personal por Escalafón,"2023, 2024, 2025","857, 963, 1144",https://cifras.conicet.gov.ar/archivos-grafico/35dd82f2d600fb395d5162ff984be0f3-Pie.json
1145,200,NA,Personal por Escalafón y Categoría,"2023, 2024, 2025","858, 964, 1145",https://cifras.conicet.gov.ar/archivos-grafico/d3cce64728ded6abe2c3be0d61a19ebd-ZoomableSunburst.json
1146,200,NA,Personal según Tipo de Lugar de Trabajo,"2023, 2024, 2025","969, 965, 1146",https://cifras.conicet.gov.ar/archivos-grafico/2bc42dd32cc5439abb1bfa9ec8dafada.json
1147,200,NA,Personal por Año y Provincia,"2023, 2024, 2025","868, 966, 1147",https://cifras.conicet.gov.ar/archivos-grafico/002c314c70143feaef6af1447000d285-Mapa.json
1148,404,NA,NA,,,
1149,200,NA,Investigadores por Área de Conocimiento,"2023, 2024, 2025","854, 970, 1149",https://cifras.conicet.gov.ar/archivos-grafico/926e286a96a0f7b2b460db434c8d48a7-Pie.json
1150,200,NA,Investigadores por Categoría,"2023, 2024, 2025","911, 971, 1150",https://cifras.conicet.gov.ar/archivos-grafico/39c55e14f6e054894c3f893babffddda.json
1151,200,NA,"Investigadores por Categoría, Área de Conocimiento y Año","2023, 2024, 2025","865, 972, 1151",https://cifras.conicet.gov.ar/archivos-grafico/a777c2d8fffc84827bbfefaef60030bd-Bar.json
1152,200,NA,Investigadores por Año y Tipo de Lugar de Trabajo,"2023, 2024, 2025","863, 973, 1152",https://cifras.conicet.gov.ar/archivos-grafico/740d830a19106caa9fe942057681516b.json
1153,200,NA,Investigadores por Área de Conocimiento y Tipo de Lugar de Trabajo,"2023, 2024, 2025","880, 974, 1153",https://cifras.conicet.gov.ar/archivos-grafico/50ac75705d35931fbdda1bf11094ed14-ZoomableCircle.json
1154,200,NA,Investigadores por Año y Provincia,"2023, 2024, 2025","881, 975, 1154",https://cifras.conicet.gov.ar/archivos-grafico/8d2979ea3bd79418c358bb1587badc45-Mapa.json
1155,200,NA,Investigadores por Área de Conocimiento y Provincia,"2023, 2024, 2025","875, 976, 1155",https://cifras.conicet.gov.ar/archivos-grafico/ca9eb3183961e2f30e8d90e4989ef487.json
1156,200,NA,Investigadores por Provincia y Tipo de Lugar de Trabajo,"2023, 2024, 2025","876, 979, 1156",https://cifras.conicet.gov.ar/archivos-grafico/32f535247d00e6a0f5f5a09ab152a537.json
1157,200,NA,Investigadores por Rango de Edad,"2023, 2024, 2025","991, 994, 1157",https://cifras.conicet.gov.ar/archivos-grafico/66fd995572106c1de55e291b2e5c1ea3.json
1158,404,NA,NA,,,
1159,404,NA,NA,,,
1160,200,NA,Investigadores por Área de Conocimiento y Género,"2023, 2024, 2025","884, 998, 1160",https://cifras.conicet.gov.ar/archivos-grafico/fdb9bfc1ee0c16ba2c65dce8c035c7d0.json
1161,200,NA,Relación Becario / Investigador por Provincia,"2023, 2024, 2025","882, 999, 1161",https://cifras.conicet.gov.ar/archivos-grafico/37fdd99eeb5921e02ea55ee73e075688.json
1162,200,NA,Personal de Apoyo por Categoría,"2023, 2024, 2025","886, 1000, 1162",https://cifras.conicet.gov.ar/archivos-grafico/7f9c0843ff278b60c0601e9230bda4ee.json
1163,200,NA,Personal de Apoyo según Tipo de Lugar de Trabajo,"2023, 2024, 2025","888, 1001, 1163",https://cifras.conicet.gov.ar/archivos-grafico/b49709dba7ad991eb124596cd2ae7045.json
1164,404,NA,NA,,,
1165,200,NA,Personal de Apoyo por Categoría y Tipo de Lugar de Trabajo,"2023, 2024, 2025","891, 1002, 1165",https://cifras.conicet.gov.ar/archivos-grafico/41984d464539db94966fd184df6d8d22.json
1166,404,NA,NA,,,
1167,200,NA,Personal de Apoyo por Año y Provincia,"2023, 2024, 2025","892, 1003, 1167",https://cifras.conicet.gov.ar/archivos-grafico/a1154b7df567ac6bf028eeb6026ac038-Mapa.json
1168,200,NA,Personal de Apoyo por Rango de Edad,"2023, 2024, 2025","1005, 1004, 1168",https://cifras.conicet.gov.ar/archivos-grafico/d402cafdf7ef5ee358c2be01fec178e1.json
1169,200,NA,Personal de Apoyo por Género,"2023, 2024, 2025","1007, 1006, 1169",https://cifras.conicet.gov.ar/archivos-grafico/c5ae6e66d9b43a23b6ccb98c2d120efc-Pie.json
1170,200,NA,Personal de Apoyo por Categoría y Género,"2023, 2024, 2025","895, 1008, 1170",https://cifras.conicet.gov.ar/archivos-grafico/591208db612ba59a41d7c76d3476860e.json
1171,200,NA,Relación Personal de Apoyo / Investigador por Provincia,"2023, 2024, 2025","897, 1009, 1171",https://cifras.conicet.gov.ar/archivos-grafico/65a83f5b96bc92b01bdf97c1214cc24d.json
1172,200,NA,Personal Administrativo por Tipo de Lugar de Trabajo,"2023, 2024, 2025","1011, 1010, 1172",https://cifras.conicet.gov.ar/archivos-grafico/e9d7f8e43058ee88d8ecc97d8ac99d19.json
1173,200,NA,Personal Administrativo por Rango de Edad,"2023, 2024, 2025","1013, 1012, 1173",https://cifras.conicet.gov.ar/archivos-grafico/ebab258f0bdc0a039457f7a208502ede.json
1174,200,NA,Personal Administrativo por Género,"2023, 2024, 2025","1014, 1015, 1174",https://cifras.conicet.gov.ar/archivos-grafico/497a69bf8816bd19ac53e46f05b8dab2.json
1175,200,NA,Becas financiadas por el CONICET según Área de Conocimiento,"2023, 2024, 2025","887, 1017, 1175",https://cifras.conicet.gov.ar/archivos-grafico/db50ec6a6ce0298e18baac4b866ef5e2.json
1176,200,NA,Becas financiadas por el CONICET según Tipo de Beca,"2023, 2024, 2025","890, 1018, 1176",https://cifras.conicet.gov.ar/archivos-grafico/d549488534f9a4777ed85740f8d0f26b-Pie.json
1177,200,NA,Becas financiadas por el CONICET según Tipo de Beca y Área de Conocimiento,"2023, 2024, 2025","899, 1019, 1177",https://cifras.conicet.gov.ar/archivos-grafico/6b21e1fe33f5f5e64c1791a8d8eb373e-ZoomableCircle.json
1178,200,NA,Becas financiadas por el CONICET según Tipo de Lugar de Trabajo,"2023, 2024, 2025","1021, 1020, 1178",https://cifras.conicet.gov.ar/archivos-grafico/d66e75ced61c9fba31e1e12ae3fb2586.json
1179,200,NA,Becas financiadas por el CONICET por Área de Conocimiento y Tipo de Lugar de Trabajo,"2023, 2024, 2025","902, 1022, 1179",https://cifras.conicet.gov.ar/archivos-grafico/30adf522c31436b9d6ee7e03863c31e0-ZoomableCircle.json
1180,200,NA,Becas financiadas por el CONICET según Año y Provincia,"2023, 2024, 2025","903, 1024, 1180",https://cifras.conicet.gov.ar/archivos-grafico/f495ca2bb47508e10bf7940e292d10e9-Mapa.json
1181,200,NA,Becas financiadas por el CONICET según Área de Conocimiento y Provincia,"2023, 2024, 2025","904, 1023, 1181",https://cifras.conicet.gov.ar/archivos-grafico/4bc6923bca61b5bd28003d2664fa086e-Bar.json
1182,200,NA,Becas financiadas por el CONICET según Provincia y Tipo de Lugar de Trabajo,"2023, 2024, 2025","905, 1025, 1182",https://cifras.conicet.gov.ar/archivos-grafico/5ad7120afacdfcc87248043faff19e3e.json
1183,200,NA,Becas financiadas por el CONICET según Género.,"2023, 2024, 2025","1027, 1026, 1183",https://cifras.conicet.gov.ar/archivos-grafico/407f25a657a0caaacaca2db36104c3b7-Pie.json
1184,404,NA,NA,,,
1185,200,NA,Becas financiadas por el CONICET por Tipo de Beca y Género,"2023, 2024, 2025","907, 1032, 1185",https://cifras.conicet.gov.ar/archivos-grafico/5a43bd86bd68575c7ad4cc2adb35a778-ZoomableSunburst.json
1186,200,NA,Becas financiadas por el CONICET según Área de Conocimiento y Género,"2023, 2024, 2025","908, 1029, 1186",https://cifras.conicet.gov.ar/archivos-grafico/cb1bd716bcb3073d0a6aa0032c7e2c50-ZoomableSunburst.json
1187,200,NA,Personal por Género,"2023, 2024, 2025","968, 967, 1187",https://cifras.conicet.gov.ar/archivos-grafico/8e443ff9b174e10235d78df8c2d7dc22-Pie.json
1188,200,NA,Investigadores por Género,"2023, 2024, 2025","996, 995, 1188",https://cifras.conicet.gov.ar/archivos-grafico/dcd77009b4d0f96c97acf25cfd40050e-Pie.json
1189,404,NA,NA,,,
1190,404,NA,NA,,,
1191,200,NA,Investigadores por Categoría y Género,"2023, 2024, 2025","912, 1035, 1191",https://cifras.conicet.gov.ar/archivos-grafico/e60c7a64a90e41bf8e5f2156e0b2c870-ZoomableSunburst.json
1192,404,NA,NA,,,
1193,404,NA,NA,,,
1194,404,NA,NA,,,
1195,404,NA,NA,,,
1196,404,NA,NA,,,
1197,404,NA,NA,,,
1198,404,NA,NA,,,
1199,404,NA,NA,,,
1200,404,NA,NA,,,
1201,404,NA,NA,,,
1202,404,NA,NA,,,
1203,404,NA,NA,,,
1204,404,NA,NA,,,
1205,404,NA,NA,,,
1206,404,NA,NA,,,
1207,404,NA,NA,,,
1208,404,NA,NA,,,
1209,404,NA,NA,,,
1210,404,NA,NA,,,
1211,404,NA,NA,,,
1212,404,NA,NA,,,
1213,404,NA,NA,,,
1214,404,NA,NA,,,
1215,404,NA,NA,,,
1216,404,NA,NA,,,
1217,404,NA,NA,,,
1218,404,NA,NA,,,
1219,404,NA,NA,,,
1220,404,NA,NA,,,
1221,404,NA,NA,,,
1222,404,NA,NA,,,
1223,404,NA,NA,,,
1224,404,NA,NA,,,
1225,404,NA,NA,,,
1226,404,NA,NA,,,
1227,404,NA,NA,,,
1228,404,NA,NA,,,
1229,404,NA,NA,,,
1230,404,NA,NA,,,
1231,404,NA,NA,,,
1232,404,NA,NA,,,
1233,404,NA,NA,,,
1234,404,NA,NA,,,
1235,404,NA,NA,,,
1236,404,NA,NA,,,
1237,404,NA,NA,,,
1238,404,NA,NA,,,
1239,404,NA,NA,,,
1240,404,NA,NA,,,
1241,404,NA,NA,,,
1242,404,NA,NA,,,
1243,404,NA,NA,,,
1244,404,NA,NA,,,
1245,404,NA,NA,,,
1246,404,NA,NA,,,
1247,404,NA,NA,,,
1248,404,NA,NA,,,
1249,404,NA,NA,,,
1250,404,NA,NA,,,
1251,404,NA,NA,,,
1252,404,NA,NA,,,
1253,404,NA,NA,,,
1254,404,NA,NA,,,
1255,404,NA,NA,,,
1256,404,NA,NA,,,
1257,404,NA,NA,,,
1258,404,NA,NA,,,
1259,404,NA,NA,,,
1260,404,NA,NA,,,
1261,404,NA,NA,,,
1262,404,NA,NA,,,
1263,404,NA,NA,,,
1264,404,NA,NA,,,
1265,404,NA,NA,,,
1266,404,NA,NA,,,
1267,404,NA,NA,,,
1268,404,NA,NA,,,
1269,404,NA,NA,,,
1270,404,NA,NA,,,
1271,404,NA,NA,,,
1272,404,NA,NA,,,
1273,404,NA,NA,,,
1274,404,NA,NA,,,
1275,404,NA,NA,,,
1276,404,NA,NA,,,
1277,404,NA,NA,,,
1278,404,NA,NA,,,
1279,404,NA,NA,,,
1280,404,NA,NA,,,
1281,404,NA,NA,,,
1282,404,NA,NA,,,
1283,404,NA,NA,,,
1284,404,NA,NA,,,
1285,404,NA,NA,,,
1286,404,NA,NA,,,
1287,404,NA,NA,,,
1288,404,NA,NA,,,
1289,404,NA,NA,,,
1290,404,NA,NA,,,
1291,404,NA,NA,,,
1292,404,NA,NA,,,
1293,404,NA,NA,,,
1294,404,NA,NA,,,
1295,404,NA,NA,,,
1296,404,NA,NA,,,
1297,404,NA,NA,,,
1298,404,NA,NA,,,
1299,404,NA,NA,,,
1300,404,NA,NA,,,
1301,404,NA,NA,,,
1302,404,NA,NA,,,
1303,404,NA,NA,,,
1304,404,NA,NA,,,
1305,404,NA,NA,,,
1306,404,NA,NA,,,
1307,404,NA,NA,,,
1308,404,NA,NA,,,
1309,404,NA,NA,,,
1310,404,NA,NA,,,
1311,404,NA,NA,,,
1312,404,NA,NA,,,
1313,404,NA,NA,,,
1314,404,NA,NA,,,
1315,404,NA,NA,,,
1316,404,NA,NA,,,
1317,404,NA,NA,,,
1318,404,NA,NA,,,
1319,404,NA,NA,,,
1320,404,NA,NA,,,
1321,404,NA,NA,,,
1322,404,NA,NA,,,
1323,404,NA,NA,,,
1324,404,NA,NA,,,
1325,404,NA,NA,,,
1326,404,NA,NA,,,
1327,404,NA,NA,,,
1328,404,NA,NA,,,
1329,404,NA,NA,,,
1330,404,NA,NA,,,
1331,404,NA,NA,,,
1332,404,NA,NA,,,
1333,404,NA,NA,,,
1334,404,NA,NA,,,
1335,404,NA,NA,,,
1336,404,NA,NA,,,
1337,404,NA,NA,,,
1338,404,NA,NA,,,
1339,404,NA,NA,,,
1340,404,NA,NA,,,
1341,404,NA,NA,,,
1342,404,NA,NA,,,
1343,404,NA,NA,,,
1344,404,NA,NA,,,
1345,404,NA,NA,,,
1346,404,NA,NA,,,
1347,404,NA,NA,,,
1348,404,NA,NA,,,
1349,404,NA,NA,,,
1350,404,NA,NA,,,
1351,404,NA,NA,,,
1352,404,NA,NA,,,
1353,404,NA,NA,,,
1354,404,NA,NA,,,
1355,404,NA,NA,,,
1356,404,NA,NA,,,
1357,404,NA,NA,,,
1358,404,NA,NA,,,
1359,404,NA,NA,,,
1360,404,NA,NA,,,
1361,404,NA,NA,,,
1362,404,NA,NA,,,
1363,404,NA,NA,,,
1364,404,NA,NA,,,
1365,404,NA,NA,,,
1366,404,NA,NA,,,
1367,404,NA,NA,,,
1368,404,NA,NA,,,
1369,404,NA,NA,,,
1370,404,NA,NA,,,
1371,404,NA,NA,,,
1372,404,NA,NA,,,
1373,404,NA,NA,,,
1374,404,NA,NA,,,
1375,404,NA,NA,,,
1376,404,NA,NA,,,
1377,404,NA,NA,,,
1378,404,NA,NA,,,
1379,404,NA,NA,,,
1380,404,NA,NA,,,
1381,404,NA,NA,,,
1382,404,NA,NA,,,
1383,404,NA,NA,,,
1384,404,NA,NA,,,
1385,404,NA,NA,,,
1386,404,NA,NA,,,
1387,404,NA,NA,,,
1388,404,NA,NA,,,
1389,404,NA,NA,,,
1390,404,NA,NA,,,
1391,404,NA,NA,,,
1392,404,NA,NA,,,
1393,404,NA,NA,,,
1394,404,NA,NA,,,
1395,404,NA,NA,,,
1396,404,NA,NA,,,
1397,404,NA,NA,,,
1398,404,NA,NA,,,
1399,404,NA,NA,,,
1400,404,NA,NA,,,
1401,404,NA,NA,,,
1402,404,NA,NA,,,
1403,404,NA,NA,,,
1404,404,NA,NA,,,
1405,404,NA,NA,,,
1406,404,NA,NA,,,
1407,404,NA,NA,,,
1408,404,NA,NA,,,
1409,404,NA,NA,,,
1410,404,NA,NA,,,
1411,404,NA,NA,,,
1412,404,NA,NA,,,
1413,404,NA,NA,,,
1414,404,NA,NA,,,
1415,404,NA,NA,,,
1416,404,NA,NA,,,
1417,404,NA,NA,,,
1418,404,NA,NA,,,
1419,404,NA,NA,,,
1420,404,NA,NA,,,
1421,404,NA,NA,,,
1422,404,NA,NA,,,
1423,404,NA,NA,,,
1424,404,NA,NA,,,
1425,404,NA,NA,,,
1426,404,NA,NA,,,
1427,404,NA,NA,,,
1428,404,NA,NA,,,
1429,404,NA,NA,,,
1430,404,NA,NA,,,
1431,404,NA,NA,,,
1432,404,NA,NA,,,
1433,404,NA,NA,,,
1434,404,NA,NA,,,
1435,404,NA,NA,,,
1436,404,NA,NA,,,
1437,404,NA,NA,,,
1438,404,NA,NA,,,
1439,404,NA,NA,,,
1440,404,NA,NA,,,
1441,404,NA,NA,,,
1442,404,NA,NA,,,
1443,404,NA,NA,,,
1444,404,NA,NA,,,
1445,404,NA,NA,,,
1446,404,NA,NA,,,
1447,404,NA,NA,,,
1448,404,NA,NA,,,
1449,404,NA,NA,,,
1450,404,NA,NA,,,
1451,404,NA,NA,,,
1452,404,NA,NA,,,
1453,404,NA,NA,,,
1454,404,NA,NA,,,
1455,404,NA,NA,,,
1456,404,NA,NA,,,
1457,404,NA,NA,,,
1458,404,NA,NA,,,
1459,404,NA,NA,,,
1460,404,NA,NA,,,
1461,404,NA,NA,,,
1462,404,NA,NA,,,
1463,404,NA,NA,,,
1464,404,NA,NA,,,
1465,404,NA,NA,,,
1466,404,NA,NA,,,
1467,404,NA,NA,,,
1468,404,NA,NA,,,
1469,404,NA,NA,,,
1470,404,NA,NA,,,
1471,404,NA,NA,,,
1472,404,NA,NA,,,
1473,404,NA,NA,,,
1474,404,NA,NA,,,
1475,404,NA,NA,,,
1476,404,NA,NA,,,
1477,404,NA,NA,,,
1478,404,NA,NA,,,
1479,404,NA,NA,,,
1480,404,NA,NA,,,
1481,404,NA,NA,,,
1482,404,NA,NA,,,
1483,404,NA,NA,,,
1484,404,NA,NA,,,
1485,404,NA,NA,,,
1486,404,NA,NA,,,
1487,404,NA,NA,,,
1488,404,NA,NA,,,
1489,404,NA,NA,,,
1490,404,NA,NA,,,
1491,404,NA,NA,,,
1492,404,NA,NA,,,
1493,404,NA,NA,,,
1494,404,NA,NA,,,
1495,404,NA,NA,,,
1496,404,NA,NA,,,
1497,404,NA,NA,,,
1498,404,NA,NA,,,
1499,404,NA,NA,,,
1500,404,NA,NA,,,
1501,404,NA,NA,,,
1502,404,NA,NA,,,
1503,404,NA,NA,,,
1504,404,NA,NA,,,
1505,404,NA,NA,,,
1506,404,NA,NA,,,
1507,404,NA,NA,,,
1508,404,NA,NA,,,
1509,404,NA,NA,,,
1510,404,NA,NA,,,
1511,404,NA,NA,,,
1512,404,NA,NA,,,
1513,404,NA,NA,,,
1514,404,NA,NA,,,
1515,404,NA,NA,,,
1516,404,NA,NA,,,
1517,404,NA,NA,,,
1518,404,NA,NA,,,
1519,404,NA,NA,,,
1520,404,NA,NA,,,
1521,404,NA,NA,,,
1522,404,NA,NA,,,
1523,404,NA,NA,,,
1524,404,NA,NA,,,
1525,404,NA,NA,,,
1526,404,NA,NA,,,
1527,404,NA,NA,,,
1528,404,NA,NA,,,
1529,404,NA,NA,,,
1530,404,NA,NA,,,
1531,404,NA,NA,,,
1532,404,NA,NA,,,
1533,404,NA,NA,,,
1534,404,NA,NA,,,
1535,404,NA,NA,,,
1536,404,NA,NA,,,
1537,404,NA,NA,,,
1538,404,NA,NA,,,
1539,404,NA,NA,,,
1540,404,NA,NA,,,
1541,404,NA,NA,,,
1542,404,NA,NA,,,
1543,404,NA,NA,,,
1544,404,NA,NA,,,
1545,404,NA,NA,,,
1546,404,NA,NA,,,
1547,404,NA,NA,,,
1548,404,NA,NA,,,
1549,404,NA,NA,,,
1550,404,NA,NA,,,
1551,404,NA,NA,,,
1552,404,NA,NA,,,
1553,404,NA,NA,,,
1554,404,NA,NA,,,
1555,404,NA,NA,,,
1556,404,NA,NA,,,
1557,404,NA,NA,,,
1558,404,NA,NA,,,
1559,404,NA,NA,,,
1560,404,NA,NA,,,
1561,404,NA,NA,,,
1562,404,NA,NA,,,
1563,404,NA,NA,,,
1564,404,NA,NA,,,
1565,404,NA,NA,,,
1566,404,NA,NA,,,
1567,404,NA,NA,,,
1568,404,NA,NA,,,
1569,404,NA,NA,,,
1570,404,NA,NA,,,
1571,404,NA,NA,,,
1572,404,NA,NA,,,
1573,404,NA,NA,,,
1574,404,NA,NA,,,
1575,404,NA,NA,,,
1576,404,NA,NA,,,
1577,404,NA,NA,,,
1578,404,NA,NA,,,
1579,404,NA,NA,,,
1580,404,NA,NA,,,
1581,404,NA,NA,,,
1582,404,NA,NA,,,
1583,404,NA,NA,,,
1584,404,NA,NA,,,
1585,404,NA,NA,,,
1586,404,NA,NA,,,
1587,404,NA,NA,,,
1588,404,NA,NA,,,
1589,404,NA,NA,,,
1590,404,NA,NA,,,
1591,404,NA,NA,,,
1592,404,NA,NA,,,
1593,404,NA,NA,,,
1594,404,NA,NA,,,
1595,404,NA,NA,,,
1596,404,NA,NA,,,
1597,404,NA,NA,,,
1598,404,NA,NA,,,
1599,404,NA,NA,,,
1600,404,NA,NA,,,
