"grafico_id","titulo","anios","pagina","dataset"
40,"Cantidad de Institutos de investigación por Provincia","2000","https://cifras.conicet.gov.ar/publica/grafico/show-publico/40","https://cifras.conicet.gov.ar/publica/grafico/downloadDataset/40/42995882351b572b66855ec8afd54d73"
41,"Cantidad de Institutos de investigación por Área de Conocimiento","","https://cifras.conicet.gov.ar/publica/grafico/show-publico/41","https://cifras.conicet.gov.ar/publica/grafico/downloadDataset/41/f2ac9da1f7c885a8a8bdb1092899ca50"
106,"Presupuesto","","https://cifras.conicet.gov.ar/publica/grafico/show-publico/106","https://cifras.conicet.gov.ar/publica/grafico/downloadDataset/106/eb42fd6728ff4d9b0eb9885ba27184eb"
235,"Presupuesto","","https://cifras.conicet.gov.ar/publica/grafico/show-publico/235","https://cifras.conicet.gov.ar/publica/grafico/downloadDataset/235/63165eb60b424b605f0ea51b62bfae49"
287,"Presupuesto","","https://cifras.conicet.gov.ar/publica/grafico/show-publico/287","https://cifras.conicet.gov.ar/publica/grafico/downloadDataset/287/d03debf80bfd166dd8261075578c1084"
289,"Cantidad de Proyectos de Investigación Plurianuales (PIP) vigentes por provincia","2000","https://cifras.conicet.gov.ar/publica/grafico/show-publico/289","https://cifras.conicet.gov.ar/publica/grafico/downloadDataset/289/8d10a75f41ec5b9bd385564b11489e71"
290,"Cantidad de Proyectos de Investigación Plurianuales (PIP) vigentes por Área de Conocimiento","","https://cifras.conicet.gov.ar/publica/grafico/show-publico/290","https://cifras.conicet.gov.ar/publica/grafico/downloadDataset/290/502a34aed26f8c00519c1356f15a048d"
293,"Cantidad de Proyectos de Investigación Plurianuales (PIP) vigentes por Disciplina","","https://cifras.conicet.gov.ar/publica/grafico/show-publico/293","https://cifras.conicet.gov.ar/publica/grafico/downloadDataset/293/c757d35ed4c555378b0d0dd116665c67"
294,"Cantidad de Proyectos de Investigación Orientada (PIO) vigentes por Disciplina","","https://cifras.conicet.gov.ar/publica/grafico/show-publico/294","https://cifras.conicet.gov.ar/publica/grafico/downloadDataset/294/58f3d4b530ec3e630a42783ebc438b91"
295,"Cantidad de Proyectos de Investigación Orientada (PIO) vigentes por Área de Conocimiento","","https://cifras.conicet.gov.ar/publica/grafico/show-publico/295","https://cifras.conicet.gov.ar/publica/grafico/downloadDataset/295/1f6c0f01a56a5f2096f7d1590264c177"
296,"Cantidad de Proyectos de Investigación Orientada (PIO) vigentes por Contraparte","","https://cifras.conicet.gov.ar/publica/grafico/show-publico/296","https://cifras.conicet.gov.ar/publica/grafico/downloadDataset/296/42aceb0498bcb7879a2a62175791d592"
297,"Cantidad de Proyectos de Investigación Orientada (PIO) vigentes por Provincia","2000","https://cifras.conicet.gov.ar/publica/grafico/show-publico/297","https://cifras.conicet.gov.ar/publica/grafico/downloadDataset/297/712c334b01a27d1797659d14616d53b3"
298,"Cantidad de Proyectos de Investigación de Unidades Ejecutoras (PUE) vigentes por Provincia","2000","https://cifras.conicet.gov.ar/publica/grafico/show-publico/298","https://cifras.conicet.gov.ar/publica/grafico/downloadDataset/298/3a1741567b31ae427a263ee3bf84a1d8"
299,"Cantidad de Proyectos de Investigación de Unidades Ejecutoras (PUE) vigentes por Área de Conocimiento","","https://cifras.conicet.gov.ar/publica/grafico/show-publico/299","https://cifras.conicet.gov.ar/publica/grafico/downloadDataset/299/021927ec790216411d8135deee9880cb"
301,"Cantidad de Proyectos de Investigación Plurianuales (PIP) vigentes por Área de Conocimiento","","https://cifras.conicet.gov.ar/publica/grafico/show-publico/301","https://cifras.conicet.gov.ar/publica/grafico/downloadDataset/301/80f977387b524d08009d5b18595ca13d"
314,"Cantidad de Proyectos de Investigación Orientada (PIO) vigentes por Provincia","2000","https://cifras.conicet.gov.ar/publica/grafico/show-publico/314","https://cifras.conicet.gov.ar/publica/grafico/downloadDataset/314/03fb0975e8790abbe4f0a392c676b2b1"
318,"Cantidad de Proyectos de Investigación de Unidades Ejecutoras (PUE) vigentes por Provincia","2000","https://cifras.conicet.gov.ar/publica/grafico/show-publico/318","https://cifras.conicet.gov.ar/publica/grafico/downloadDataset/318/2becc863f8526450d28505126d347694"
319,"Cantidad de Proyectos de Investigación Plurianuales (PIP) vigentes por Disciplina","","https://cifras.conicet.gov.ar/publica/grafico/show-publico/319","https://cifras.conicet.gov.ar/publica/grafico/downloadDataset/319/f7d185a3673bf85b1c1eb7295f07fda5"
320,"Cantidad de Proyectos de Investigación Orientada (PIO) vigentes por Contraparte","","https://cifras.conicet.gov.ar/publica/grafico/show-publico/320","https://cifras.conicet.gov.ar/publica/grafico/downloadDataset/320/8e3929f276b280b08099bd80e2da8306"
321,"Cantidad de Proyectos de Investigación Orientada (PIO) vigentes por Área de Conocimiento","","https://cifras.conicet.gov.ar/publica/grafico/show-publico/321","https://cifras.conicet.gov.ar/publica/grafico/downloadDataset/321/85e8801ece02549fd71e884fd74d9dfd"
322,"Cantidad de Proyectos de Investigación Orientada (PIO) vigentes por Disciplina","","https://cifras.conicet.gov.ar/publica/grafico/show-publico/322","https://cifras.conicet.gov.ar/publica/grafico/downloadDataset/322/ee03e61751acc5076c8d526079f76297"
323,"Cantidad de Proyectos de Investigación de Unidades Ejecutoras (PUE) vigentes por Área de Conocimiento","","https://cifras.conicet.gov.ar/publica/grafico/show-publico/323","https://cifras.conicet.gov.ar/publica/grafico/downloadDataset/323/6d1cb52dda51af2d6456443f5a8f361e"
330,"Cantidad de Proyectos de Cooperación Internacional (PCI) vigentes por Área de Conocimiento","","https://cifras.conicet.gov.ar/publica/grafico/show-publico/330","https://cifras.conicet.gov.ar/publica/grafico/downloadDataset/330/6d386e70a5e286072ada82ea9ecf520b"
331,"Cantidad de Proyectos de Cooperación Internacional (PCI) vigentes por Área de Conocimiento","","https://cifras.conicet.gov.ar/publica/grafico/show-publico/331","https://cifras.conicet.gov.ar/publica/grafico/downloadDataset/331/f25634ee61e725a9de12b09ed9d8ea32"
332,"Cantidad de Proyectos de Cooperación Internacional (PCI) vigentes por Provincia","2000","https://cifras.conicet.gov.ar/publica/grafico/show-publico/332","https://cifras.conicet.gov.ar/publica/grafico/downloadDataset/332/7cc4e872fd639bec807ecddfc7486fdd"
333,"Cantidad de Proyectos de Cooperación Internacional (PCI) vigentes por Provincia","2000","https://cifras.conicet.gov.ar/publica/grafico/show-publico/333","https://cifras.conicet.gov.ar/publica/grafico/downloadDataset/333/348a7f388da67dbe4e4a8d358d4836bf"
334,"Cantidad de Proyectos de Cooperación Internacional (PCI) vigentes por País de Contraparte","","https://cifras.conicet.gov.ar/publica/grafico/show-publico/334","https://cifras.conicet.gov.ar/publica/grafico/downloadDataset/334/7255898c9118d3ab38eddae64cf60219"
335,"Cantidad de Proyectos de Cooperación Internacional (PCI) vigentes por País de Contraparte","","https://cifras.conicet.gov.ar/publica/grafico/show-publico/335","https://cifras.conicet.gov.ar/publica/grafico/downloadDataset/335/8f1e1af73387b5d5157a29e965896079"
336,"Cantidad de Proyectos de Investigación vigentes por Provincia","2000","https://cifras.conicet.gov.ar/publica/grafico/show-publico/336","https://cifras.conicet.gov.ar/publica/grafico/downloadDataset/336/f96019cdb80cf69f2e8e1dd6a4116e6a"
337,"Cantidad de Proyectos de Investigación vigentes por Provincia","2000","https://cifras.conicet.gov.ar/publica/grafico/show-publico/337","https://cifras.conicet.gov.ar/publica/grafico/downloadDataset/337/6b6c51f16aae36b2012a3fc9f21ee95a"
338,"Cantidad de Proyectos de Investigación vigentes por Tipo","","https://cifras.conicet.gov.ar/publica/grafico/show-publico/338","https://cifras.conicet.gov.ar/publica/grafico/downloadDataset/338/903b9552bb9df7d5df78e8dbc0767f95"
340,"Cantidad de Proyectos de Investigación vigentes por Área de Conocimiento","","https://cifras.conicet.gov.ar/publica/grafico/show-publico/340","https://cifras.conicet.gov.ar/publica/grafico/downloadDataset/340/52fee16d132835f57f1d01d5077e6b85"
342,"Cantidad de Proyectos de Investigación vigentes por Área de Conocimiento","","https://cifras.conicet.gov.ar/publica/grafico/show-publico/342","https://cifras.conicet.gov.ar/publica/grafico/downloadDataset/342/c1ad5eaebf6347a7fa173108a570dec5"
396,"Cantidad de Institutos de investigación por Provincia","2000","https://cifras.conicet.gov.ar/publica/grafico/show-publico/396","https://cifras.conicet.gov.ar/publica/grafico/downloadDataset/396/cd571e8ba7d67792d5bd4b4bff761f50"
397,"Cantidad de Institutos de investigación por Área de Conocimiento","","https://cifras.conicet.gov.ar/publica/grafico/show-publico/397","https://cifras.conicet.gov.ar/publica/grafico/downloadDataset/397/2f4c6d5737728ca61cec43f5bdcb5b8f"
399,"Cantidad de Proyectos de Investigación vigentes por Tipo","","https://cifras.conicet.gov.ar/publica/grafico/show-publico/399","https://cifras.conicet.gov.ar/publica/grafico/downloadDataset/399/6e25c99a5016b564ec22a8c074351e00"
422,"Cantidad de Proyectos de Investigación Plurianuales (PIP) vigentes por provincia","2000","https://cifras.conicet.gov.ar/publica/grafico/show-publico/422","https://cifras.conicet.gov.ar/publica/grafico/downloadDataset/422/d86fa8cd5684660ba6a3741ce9aedf20"
472,"Cantidad de Proyectos de Investigación de Unidades Ejecutoras (PUE) vigentes por Área de Conocimiento","","https://cifras.conicet.gov.ar/publica/grafico/show-publico/472","https://cifras.conicet.gov.ar/publica/grafico/downloadDataset/472/de007386c18cdbf3387654260a1e063f"
473,"Cantidad de Proyectos de Investigación de Unidades Ejecutoras (PUE) vigentes por Provincia","2000","https://cifras.conicet.gov.ar/publica/grafico/show-publico/473","https://cifras.conicet.gov.ar/publica/grafico/downloadDataset/473/3ed3e497b75a706265a34df4ad75d25e"
474,"Cantidad de Proyectos de Investigación Orientada (PIO) vigentes por Disciplina","","https://cifras.conicet.gov.ar/publica/grafico/show-publico/474","https://cifras.conicet.gov.ar/publica/grafico/downloadDataset/474/021b5f9aeb9a6a9b5debc620d0854040"
477,"Cantidad de Institutos de investigación por Provincia","2000, 2019","https://cifras.conicet.gov.ar/publica/grafico/show-publico/477","https://cifras.conicet.gov.ar/publica/grafico/downloadDataset/477/456c2d1be7b7bfca3376361ae2f6cb22"
478,"Cantidad de Institutos de investigación por Área de Conocimiento","","https://cifras.conicet.gov.ar/publica/grafico/show-publico/478","https://cifras.conicet.gov.ar/publica/grafico/downloadDataset/478/8e3232bf715fc1a7c8b834d560c30d4e"
479,"Presupuesto","","https://cifras.conicet.gov.ar/publica/grafico/show-publico/479","https://cifras.conicet.gov.ar/publica/grafico/downloadDataset/479/89c790f3438aeecf9425fbdcfed2be06"
480,"Cantidad de Proyectos de Investigación Plurianuales (PIP) vigentes por provincia","2000","https://cifras.conicet.gov.ar/publica/grafico/show-publico/480","https://cifras.conicet.gov.ar/publica/grafico/downloadDataset/480/8da8b75ba1eeec1ab8a57d8b68ddab8f"
481,"Cantidad de Proyectos de Investigación Plurianuales (PIP) vigentes por Área de Conocimiento","","https://cifras.conicet.gov.ar/publica/grafico/show-publico/481","https://cifras.conicet.gov.ar/publica/grafico/downloadDataset/481/de612c42561c3824f59bfff8cccc7332"
482,"Cantidad de Proyectos de Investigación Plurianuales (PIP) vigentes por Disciplina","","https://cifras.conicet.gov.ar/publica/grafico/show-publico/482","https://cifras.conicet.gov.ar/publica/grafico/downloadDataset/482/d0fbb76b3f1a3f5413641116882fb0af"
483,"Cantidad de Proyectos de Investigación Orientada (PIO) vigentes por Contraparte","","https://cifras.conicet.gov.ar/publica/grafico/show-publico/483","https://cifras.conicet.gov.ar/publica/grafico/downloadDataset/483/ff23b104e01c53bc0b87f4509a5cfbe7"
485,"Cantidad de Proyectos de Investigación Orientada (PIO) vigentes por Área de Conocimiento","","https://cifras.conicet.gov.ar/publica/grafico/show-publico/485","https://cifras.conicet.gov.ar/publica/grafico/downloadDataset/485/52f8afbbb32f27e840f311cffe1eb3b0"
486,"Cantidad de Proyectos de Investigación Orientada (PIO) vigentes por Provincia","2000","https://cifras.conicet.gov.ar/publica/grafico/show-publico/486","https://cifras.conicet.gov.ar/publica/grafico/downloadDataset/486/b7e6c1bae2745b3fe7425ee255b1d8a8"
487,"Cantidad de Proyectos de Cooperación Internacional (PCI) vigentes por Provincia","2000","https://cifras.conicet.gov.ar/publica/grafico/show-publico/487","https://cifras.conicet.gov.ar/publica/grafico/downloadDataset/487/994f82fb46a6d1b6af152dda4395df2b"
488,"Cantidad de Proyectos de Cooperación Internacional (PCI) vigentes por País de Contraparte","","https://cifras.conicet.gov.ar/publica/grafico/show-publico/488","https://cifras.conicet.gov.ar/publica/grafico/downloadDataset/488/733b215471d728eaacd49b61639421a4"
489,"Cantidad de Proyectos de Cooperación Internacional (PCI) vigentes por Área de Conocimiento","","https://cifras.conicet.gov.ar/publica/grafico/show-publico/489","https://cifras.conicet.gov.ar/publica/grafico/downloadDataset/489/9db10a97cb2252c0713760fc5f8d50c1"
490,"Cantidad de Proyectos de Investigación vigentes por Área de Conocimiento","","https://cifras.conicet.gov.ar/publica/grafico/show-publico/490","https://cifras.conicet.gov.ar/publica/grafico/downloadDataset/490/41e031919f87d1cad2a731113c6b559f"
491,"Cantidad de Proyectos de Investigación vigentes por Provincia","2000","https://cifras.conicet.gov.ar/publica/grafico/show-publico/491","https://cifras.conicet.gov.ar/publica/grafico/downloadDataset/491/d00854d9a28877406a712aafbb6ad5b8"
492,"Cantidad de Proyectos de Investigación vigentes por Tipo","","https://cifras.conicet.gov.ar/publica/grafico/show-publico/492","https://cifras.conicet.gov.ar/publica/grafico/downloadDataset/492/3681e44aa21dc1fc063ce0b231dd96a7"
518,"Presupuesto","","https://cifras.conicet.gov.ar/publica/grafico/show-publico/518","https://cifras.conicet.gov.ar/publica/grafico/downloadDataset/518/4cb43b01e1b166e57d93bff339278d1d"
519,"Cantidad de Institutos de investigación por Área de Conocimiento","","https://cifras.conicet.gov.ar/publica/grafico/show-publico/519","https://cifras.conicet.gov.ar/publica/grafico/downloadDataset/519/3cd9dd6fe646ae679faf9827c65efc77"
520,"Cantidad de Institutos de investigación por Provincia","2000","https://cifras.conicet.gov.ar/publica/grafico/show-publico/520","https://cifras.conicet.gov.ar/publica/grafico/downloadDataset/520/3ac8c7d11a32ea56b35fd086f6c20fb2"
523,"Servicios Tecnológicos de Alto Nivel (STAN) prestados por Provincia del Prestador","2000, 2020, 2021","https://cifras.conicet.gov.ar/publica/grafico/show-publico/523","https://cifras.conicet.gov.ar/publica/grafico/downloadDataset/523/2567a90f7ffea78ae43984775af55bb6"
524,"Monto facturado por Servicios Tecnológicos de Alto Nivel (STAN) según Provincia del Prestador","2000, 2020, 2021","https://cifras.conicet.gov.ar/publica/grafico/show-publico/524","https://cifras.conicet.gov.ar/publica/grafico/downloadDataset/524/80da5657fe021fcef1e8b233d87ed518"
525,"Cantidad de Proyectos de Investigación de Unidades Ejecutoras (PUE) vigentes por Provincia","2000","https://cifras.conicet.gov.ar/publica/grafico/show-publico/525","https://cifras.conicet.gov.ar/publica/grafico/downloadDataset/525/20abe37d6f15d9c70f17cd6af3ed8c6b"
526,"Cantidad de Proyectos de Investigación de Unidades Ejecutoras (PUE) vigentes por Área de Conocimiento","","https://cifras.conicet.gov.ar/publica/grafico/show-publico/526","https://cifras.conicet.gov.ar/publica/grafico/downloadDataset/526/19454fcc06697a5b2b4b046fb5bf8448"
527,"Cantidad de Proyectos de Cooperación Internacional (PCI) vigentes por País de Contraparte","","https://cifras.conicet.gov.ar/publica/grafico/show-publico/527","https://cifras.conicet.gov.ar/publica/grafico/downloadDataset/527/17f94f2c1398071c26873862277d36ff"
528,"Cantidad de Proyectos de Cooperación Internacional (PCI) vigentes por Área de Conocimiento","","https://cifras.conicet.gov.ar/publica/grafico/show-publico/528","https://cifras.conicet.gov.ar/publica/grafico/downloadDataset/528/6f160acde839d32de46e560bc20c2e14"
529,"Cantidad de Proyectos de Cooperación Internacional (PCI) vigentes por Provincia","2000","https://cifras.conicet.gov.ar/publica/grafico/show-publico/529","https://cifras.conicet.gov.ar/publica/grafico/downloadDataset/529/8c4d9417953f8ecb899887b4e3ece5c8"
530,"Cantidad de Proyectos de Investigación Plurianuales (PIP) vigentes por Área de Conocimiento","","https://cifras.conicet.gov.ar/publica/grafico/show-publico/530","https://cifras.conicet.gov.ar/publica/grafico/downloadDataset/530/7a89c43e9d9cf697a9f51769e060c241"
531,"Cantidad de Proyectos de Investigación Plurianuales (PIP) vigentes por Disciplina","","https://cifras.conicet.gov.ar/publica/grafico/show-publico/531","https://cifras.conicet.gov.ar/publica/grafico/downloadDataset/531/3b5c88da19022b921d8a6166df2f2cf9"
532,"Cantidad de Proyectos de Investigación Plurianuales (PIP) vigentes por provincia","2000","https://cifras.conicet.gov.ar/publica/grafico/show-publico/532","https://cifras.conicet.gov.ar/publica/grafico/downloadDataset/532/293304de838446a8e383093bece606c5"
533,"Cantidad de Proyectos de Investigación vigentes por Provincia","2000","https://cifras.conicet.gov.ar/publica/grafico/show-publico/533","https://cifras.conicet.gov.ar/publica/grafico/downloadDataset/533/78fff39e68c9dfa1ca1e1603c187b00a"
534,"Cantidad de Proyectos de Investigación vigentes por Área de Conocimiento","","https://cifras.conicet.gov.ar/publica/grafico/show-publico/534","https://cifras.conicet.gov.ar/publica/grafico/downloadDataset/534/e63a59a788f1e8d7773f2391c002cae1"
535,"Cantidad de Proyectos de Investigación vigentes por Tipo","","https://cifras.conicet.gov.ar/publica/grafico/show-publico/535","https://cifras.conicet.gov.ar/publica/grafico/downloadDataset/535/f4badcffd84957629289b0bcb6196cca"
609,"Distribución de la facturación por actividades de Vinculación Tecnológica según tipo de adoptante","2016, 2021","https://cifras.conicet.gov.ar/publica/grafico/show-publico/609","https://cifras.conicet.gov.ar/publica/grafico/downloadDataset/609/4ee406189a985afc31fa35d1bc094dbd"
610,"Distribución de la facturación por actividades de Vinculación Tecnológica según tipo de adoptante","2017, 2021","https://cifras.conicet.gov.ar/publica/grafico/show-publico/610","https://cifras.conicet.gov.ar/publica/grafico/downloadDataset/610/16ec452d8c1d1206a92446b74106d9de"
611,"Distribución de la facturación por actividades de Vinculación Tecnológica según tipo de adoptante","2018, 2021","https://cifras.conicet.gov.ar/publica/grafico/show-publico/611","https://cifras.conicet.gov.ar/publica/grafico/downloadDataset/611/ccc87843cbe4d7a635c6c06cbe19d96a"
612,"Distribución de la facturación por actividades de Vinculación Tecnológica según tipo de adoptante","2019, 2021","https://cifras.conicet.gov.ar/publica/grafico/show-publico/612","https://cifras.conicet.gov.ar/publica/grafico/downloadDataset/612/08708cfd23aed994ad0fdc5b37112d65"
613,"Distribución de la facturación por actividades de Vinculación Tecnológica según tipo de adoptante","2020, 2021","https://cifras.conicet.gov.ar/publica/grafico/show-publico/613","https://cifras.conicet.gov.ar/publica/grafico/downloadDataset/613/81cfbc34588e3f540423501152f67a6f"
614,"Distribución de la facturación por actividades de Vinculación Tecnológica según provincia del Instituto prestador","2000, 2016, 2021","https://cifras.conicet.gov.ar/publica/grafico/show-publico/614","https://cifras.conicet.gov.ar/publica/grafico/downloadDataset/614/65964f8fe882c4f16518ebd960f75bb3"
615,"Distribución de la facturación por actividades de Vinculación Tecnológica según provincia del Instituto prestador","2000, 2017, 2021","https://cifras.conicet.gov.ar/publica/grafico/show-publico/615","https://cifras.conicet.gov.ar/publica/grafico/downloadDataset/615/6fd2c9a59a30b152995ee2eebeef8588"
616,"Distribución de la facturación por actividades de Vinculación Tecnológica según provincia del Instituto prestador","2000, 2018, 2021","https://cifras.conicet.gov.ar/publica/grafico/show-publico/616","https://cifras.conicet.gov.ar/publica/grafico/downloadDataset/616/df1611a2c5a5f725ba0fb45fc7785eb1"
617,"Distribución de la facturación por actividades de Vinculación Tecnológica según provincia del Instituto prestador","2000, 2019, 2021","https://cifras.conicet.gov.ar/publica/grafico/show-publico/617","https://cifras.conicet.gov.ar/publica/grafico/downloadDataset/617/439480e55ccbdecb13a2905796595eba"
618,"Distribución de la facturación por actividades de Vinculación Tecnológica según provincia del Instituto prestador","2000, 2020, 2021","https://cifras.conicet.gov.ar/publica/grafico/show-publico/618","https://cifras.conicet.gov.ar/publica/grafico/downloadDataset/618/338e350e6b471c4bef1049550286da18"
676,"Cantidad de Institutos de investigación por Provincia","2000","https://cifras.conicet.gov.ar/publica/grafico/show-publico/676","https://cifras.conicet.gov.ar/publica/grafico/downloadDataset/676/3212b461abf4b0ca235f19178b1cc1d3"
677,"Cantidad de Institutos de investigación por Área de Conocimiento","2021","https://cifras.conicet.gov.ar/publica/grafico/show-publico/677","https://cifras.conicet.gov.ar/publica/grafico/downloadDataset/677/f8c5db7f2f5f4b64cce76af1ef2561cf"
680,"Presupuesto","","https://cifras.conicet.gov.ar/publica/grafico/show-publico/680","https://cifras.conicet.gov.ar/publica/grafico/downloadDataset/680/40452c3e1f217e61f553938cd50e1e7e"
681,"Cantidad de Proyectos de Investigación Plurianuales (PIP) vigentes por Área de Conocimiento","","https://cifras.conicet.gov.ar/publica/grafico/show-publico/681","https://cifras.conicet.gov.ar/publica/grafico/downloadDataset/681/d4ab28e5ebbb8ba6baf2e5c088f7ae30"
682,"Cantidad de Proyectos de Investigación Plurianuales (PIP) vigentes por provincia","2000","https://cifras.conicet.gov.ar/publica/grafico/show-publico/682","https://cifras.conicet.gov.ar/publica/grafico/downloadDataset/682/ed32902a6eb51eec95282ba72b9e7720"
683,"Cantidad de Proyectos de Investigación Plurianuales (PIP) vigentes por Disciplina","","https://cifras.conicet.gov.ar/publica/grafico/show-publico/683","https://cifras.conicet.gov.ar/publica/grafico/downloadDataset/683/f78aeee736400df8411c63138b485ff6"
684,"Cantidad de Proyectos de Investigación de Unidades Ejecutoras (PUE) vigentes por Provincia","2000","https://cifras.conicet.gov.ar/publica/grafico/show-publico/684","https://cifras.conicet.gov.ar/publica/grafico/downloadDataset/684/123ecfbc2ebd22f36b781cffea3dfdf8"
685,"Cantidad de Proyectos de Investigación de Unidades Ejecutoras (PUE) vigentes por Área de Conocimiento","","https://cifras.conicet.gov.ar/publica/grafico/show-publico/685","https://cifras.conicet.gov.ar/publica/grafico/downloadDataset/685/5cd60ce4691a1b109854562dc0d53118"
686,"Cantidad de Proyectos de Investigación Orientada (PIO) vigentes por Área de Conocimiento","","https://cifras.conicet.gov.ar/publica/grafico/show-publico/686","https://cifras.conicet.gov.ar/publica/grafico/downloadDataset/686/61eefb63b4ac1a9536e26f770fcfebf8"
687,"Cantidad de Proyectos de Investigación Orientada (PIO) vigentes por Provincia","2000","https://cifras.conicet.gov.ar/publica/grafico/show-publico/687","https://cifras.conicet.gov.ar/publica/grafico/downloadDataset/687/d0797a2495a414aed6879f8d20653ede"
688,"Cantidad de Proyectos de Investigación Orientada (PIO) vigentes por Disciplina","","https://cifras.conicet.gov.ar/publica/grafico/show-publico/688","https://cifras.conicet.gov.ar/publica/grafico/downloadDataset/688/0ee21d9038cdaf315475f0d8bb4e82c2"
689,"Cantidad de Proyectos de Investigación Orientada (PIO) vigentes por Contraparte","","https://cifras.conicet.gov.ar/publica/grafico/show-publico/689","https://cifras.conicet.gov.ar/publica/grafico/downloadDataset/689/195ee58f8657514478192bd38f230a71"
690,"Cantidad de Proyectos de Investigación vigentes por Tipo","","https://cifras.conicet.gov.ar/publica/grafico/show-publico/690","https://cifras.conicet.gov.ar/publica/grafico/downloadDataset/690/8d2f8166addf6d60af7ef734270007fb"
691,"Cantidad de Proyectos de Cooperación Internacional (PCI) vigentes por País de Contraparte","","https://cifras.conicet.gov.ar/publica/grafico/show-publico/691","https://cifras.conicet.gov.ar/publica/grafico/downloadDataset/691/97d31bec27c3514197a1136ee9797c0e"
716,"Servicios Tecnológicos de Alto Nivel (STAN) prestados por Provincia del Prestador","2000, 2021, 2023","https://cifras.conicet.gov.ar/publica/grafico/show-publico/716","https://cifras.conicet.gov.ar/publica/grafico/downloadDataset/716/67ae81ef6d7e8ad192fc16bafbaa6200"
717,"Servicios Tecnológicos de Alto Nivel (STAN) prestados por Provincia del Prestador","2000, 2022, 2023","https://cifras.conicet.gov.ar/publica/grafico/show-publico/717","https://cifras.conicet.gov.ar/publica/grafico/downloadDataset/717/36616db9a09753a4bfe7594dcd5aae1e"
719,"Monto facturado por Servicios Tecnológicos de Alto Nivel (STAN) según Provincia del Prestador","2000, 2021, 2023","https://cifras.conicet.gov.ar/publica/grafico/show-publico/719","https://cifras.conicet.gov.ar/publica/grafico/downloadDataset/719/b3840e7ee8ec70551723f27b1b499fb3"
720,"Monto facturado por Servicios Tecnológicos de Alto Nivel (STAN) según Provincia del Prestador","2000, 2022, 2023","https://cifras.conicet.gov.ar/publica/grafico/show-publico/720","https://cifras.conicet.gov.ar/publica/grafico/downloadDataset/720/4ea21018fbf0e8e344230be711715088"
721,"Distribución de la facturación por actividades de Vinculación Tecnológica según provincia del Instituto prestador","2000, 2021, 2023","https://cifras.conicet.gov.ar/publica/grafico/show-publico/721","https://cifras.conicet.gov.ar/publica/grafico/downloadDataset/721/16db84bbe614b5c0ccb4909dd347ed9a"
722,"Distribución de la facturación por actividades de Vinculación Tecnológica según provincia del Instituto prestador","2000, 2022, 2023","https://cifras.conicet.gov.ar/publica/grafico/show-publico/722","https://cifras.conicet.gov.ar/publica/grafico/downloadDataset/722/73a51d9c81baa6da51fe9039d7a0cf30"
723,"Distribución de la facturación por actividades de Vinculación Tecnológica según tipo de adoptante","2021, 2023","https://cifras.conicet.gov.ar/publica/grafico/show-publico/723","https://cifras.conicet.gov.ar/publica/grafico/downloadDataset/723/a52827b638ae6e65e44b4f0fc28f48ec"
724,"Distribución de la facturación por actividades de Vinculación Tecnológica según tipo de adoptante","2022, 2023","https://cifras.conicet.gov.ar/publica/grafico/show-publico/724","https://cifras.conicet.gov.ar/publica/grafico/downloadDataset/724/0f0c953de9f0b4752f88b85766e51e6c"
774,"Cantidad de Proyectos de Investigación vigentes por Tipo","","https://cifras.conicet.gov.ar/publica/grafico/show-publico/774","https://cifras.conicet.gov.ar/publica/grafico/downloadDataset/774/1db387828343e3b9d2b96092cc145618"
776,"Cantidad de Proyectos de Investigación vigentes por Área de Conocimiento","","https://cifras.conicet.gov.ar/publica/grafico/show-publico/776","https://cifras.conicet.gov.ar/publica/grafico/downloadDataset/776/72e0ec31229ff0959fe3424703e10aa3"
777,"Cantidad de Proyectos de Investigación vigentes por Provincia","2000","https://cifras.conicet.gov.ar/publica/grafico/show-publico/777","https://cifras.conicet.gov.ar/publica/grafico/downloadDataset/777/85e9568f21cd9fea9bd99ff4f9a3061c"
778,"Cantidad de Proyectos de Investigación Plurianuales (PIP) vigentes por provincia","2000","https://cifras.conicet.gov.ar/publica/grafico/show-publico/778","https://cifras.conicet.gov.ar/publica/grafico/downloadDataset/778/8e9961d9655a991f74c6efca14f1be02"
779,"Cantidad de Proyectos de Investigación Plurianuales (PIP) vigentes por Área de Conocimiento","","https://cifras.conicet.gov.ar/publica/grafico/show-publico/779","https://cifras.conicet.gov.ar/publica/grafico/downloadDataset/779/26ae1d94eecdb449bc380a742690e0fd"
780,"Cantidad de Proyectos de Investigación Plurianuales (PIP) vigentes por Disciplina","","https://cifras.conicet.gov.ar/publica/grafico/show-publico/780","https://cifras.conicet.gov.ar/publica/grafico/downloadDataset/780/a9cc9b06cc6fdf0bb7613c7215cf1fe1"
782,"Cantidad de Proyectos de Investigación de Unidades Ejecutoras (PUE) vigentes por Provincia","2000","https://cifras.conicet.gov.ar/publica/grafico/show-publico/782","https://cifras.conicet.gov.ar/publica/grafico/downloadDataset/782/d24804392895b477aaba15df4f12f42d"
783,"Cantidad de Proyectos de Investigación de Unidades Ejecutoras (PUE) vigentes por Área de Conocimiento","","https://cifras.conicet.gov.ar/publica/grafico/show-publico/783","https://cifras.conicet.gov.ar/publica/grafico/downloadDataset/783/476faa9dd4c3c3118bc0419a585fddaa"
784,"Cantidad de Proyectos de Investigación Orientada (PIO) vigentes por Provincia","2000","https://cifras.conicet.gov.ar/publica/grafico/show-publico/784","https://cifras.conicet.gov.ar/publica/grafico/downloadDataset/784/5e4719f7f229c91937042b7e765fe72d"
785,"Cantidad de Proyectos de Investigación Orientada (PIO) vigentes por Área de Conocimiento","","https://cifras.conicet.gov.ar/publica/grafico/show-publico/785","https://cifras.conicet.gov.ar/publica/grafico/downloadDataset/785/486676d5d5bcdf7d03757249abd8dfb2"
786,"Cantidad de Proyectos de Investigación Orientada (PIO) vigentes por Disciplina","","https://cifras.conicet.gov.ar/publica/grafico/show-publico/786","https://cifras.conicet.gov.ar/publica/grafico/downloadDataset/786/5f1ee445205597da7c3fdca6d59a59aa"
787,"Cantidad de Proyectos de Investigación Orientada (PIO) vigentes por Contraparte","","https://cifras.conicet.gov.ar/publica/grafico/show-publico/787","https://cifras.conicet.gov.ar/publica/grafico/downloadDataset/787/e16fe4692576180ab6e059293f85268c"
788,"Cantidad de Proyectos de Cooperación Internacional (PCI) vigentes por Provincia","2000","https://cifras.conicet.gov.ar/publica/grafico/show-publico/788","https://cifras.conicet.gov.ar/publica/grafico/downloadDataset/788/b922c94090d6379a3277d94aa2974a2c"
789,"Cantidad de Proyectos de Cooperación Internacional (PCI) vigentes por Área de Conocimiento","","https://cifras.conicet.gov.ar/publica/grafico/show-publico/789","https://cifras.conicet.gov.ar/publica/grafico/downloadDataset/789/49b9c7e1cfa619b26f3a6063e1c68726"
790,"Cantidad de Proyectos de Cooperación Internacional (PCI) vigentes por País de Contraparte","","https://cifras.conicet.gov.ar/publica/grafico/show-publico/790","https://cifras.conicet.gov.ar/publica/grafico/downloadDataset/790/bdb9d2e2b339723ff58525b072f9a28a"
791,"Cantidad de Proyectos de Cooperación Internacional (PCI) vigentes por Área de Conocimiento","","https://cifras.conicet.gov.ar/publica/grafico/show-publico/791","https://cifras.conicet.gov.ar/publica/grafico/downloadDataset/791/5787a183a2ce1d838f39cd9a186d228c"
792,"Cantidad de Proyectos de Cooperación Internacional (PCI) vigentes por Provincia","2000","https://cifras.conicet.gov.ar/publica/grafico/show-publico/792","https://cifras.conicet.gov.ar/publica/grafico/downloadDataset/792/1eb6e8f04618bcbbde886342c96f39cf"
793,"Cantidad de Proyectos de Investigación Bianual (PIBAA) vigentes por provincia","2000","https://cifras.conicet.gov.ar/publica/grafico/show-publico/793","https://cifras.conicet.gov.ar/publica/grafico/downloadDataset/793/5ca9459a21d8dda0a9f1106e13a48e69"
794,"Cantidad de Proyectos de Investigación Bianual (PIBAA) vigentes por Área de conocimiento","","https://cifras.conicet.gov.ar/publica/grafico/show-publico/794","https://cifras.conicet.gov.ar/publica/grafico/downloadDataset/794/c8f476fe6248b50840729933b60b144d"
795,"Cantidad de Proyectos de Investigación Bianual (PIBAA) vigentes por Disciplina","","https://cifras.conicet.gov.ar/publica/grafico/show-publico/795","https://cifras.conicet.gov.ar/publica/grafico/downloadDataset/795/9e447ab210b5f3080ca108cc04d676f8"
822,"Cantidad de Institutos de investigación por Provincia","2000","https://cifras.conicet.gov.ar/publica/grafico/show-publico/822","https://cifras.conicet.gov.ar/publica/grafico/downloadDataset/822/31c18a8e4bc1f97de300e9c74065118e"
824,"Cantidad de Institutos de investigación por Área de Conocimiento","2022","https://cifras.conicet.gov.ar/publica/grafico/show-publico/824","https://cifras.conicet.gov.ar/publica/grafico/downloadDataset/824/0680a9951b2737c2916e6f6ac0055042"
827,"Directores/as de Red Institucional y Unidades de Gestión por género","","https://cifras.conicet.gov.ar/publica/grafico/show-publico/827","https://cifras.conicet.gov.ar/publica/grafico/downloadDataset/827/17628bf99be80721d42958b3aef06f22"
828,"Cantidad de Proyectos de Investigación vigentes por Provincia","2000","https://cifras.conicet.gov.ar/publica/grafico/show-publico/828","https://cifras.conicet.gov.ar/publica/grafico/downloadDataset/828/cbc813680719a55f123bba7b98e5b725"
829,"Cantidad de Proyectos de Investigación vigentes por Área de Conocimiento","","https://cifras.conicet.gov.ar/publica/grafico/show-publico/829","https://cifras.conicet.gov.ar/publica/grafico/downloadDataset/829/c9eba581da954d056e401994adb48663"
830,"Monto facturado por Servicios Tecnológicos de Alto Nivel (STAN) según Provincia del Prestador","2000, 2023, 2024","https://cifras.conicet.gov.ar/publica/grafico/show-publico/830","https://cifras.conicet.gov.ar/publica/grafico/downloadDataset/830/8876cc41e0b84eeb8930b000018d24cf"
831,"Servicios Tecnológicos de Alto Nivel (STAN) prestados por Provincia del Prestador","2000, 2023, 2024","https://cifras.conicet.gov.ar/publica/grafico/show-publico/831","https://cifras.conicet.gov.ar/publica/grafico/downloadDataset/831/c59b55746a45e6d1bc318c27645a064a"
832,"Solicitudes de Patentes e Invenciones","2023","https://cifras.conicet.gov.ar/publica/grafico/show-publico/832","https://cifras.conicet.gov.ar/publica/grafico/downloadDataset/832/22db600c7d92744c6c5ea2c413acc51c"
833,"Convenios de Vinculación Tecnológica iniciados","2024","https://cifras.conicet.gov.ar/publica/grafico/show-publico/833","https://cifras.conicet.gov.ar/publica/grafico/downloadDataset/833/c9ca4c6e22449ff2107d5f2b7ecf3aff"
835,"Distribución de la facturación por actividades de Vinculación Tecnológica según tipo de adoptante","2023, 2024","https://cifras.conicet.gov.ar/publica/grafico/show-publico/835","https://cifras.conicet.gov.ar/publica/grafico/downloadDataset/835/ac2f71aa8c6d47d6d2a7c38288e1ea43"
836,"Distribución de la facturación por actividades de Vinculación Tecnológica según provincia del Instituto prestador","2000, 2023, 2024","https://cifras.conicet.gov.ar/publica/grafico/show-publico/836","https://cifras.conicet.gov.ar/publica/grafico/downloadDataset/836/c382be04c578137cc049edf6db0510dd"
837,"Presupuesto","","https://cifras.conicet.gov.ar/publica/grafico/show-publico/837","https://cifras.conicet.gov.ar/publica/grafico/downloadDataset/837/fba53619cb115fc627964aadd35e4dfb"
838,"Presupuesto","","https://cifras.conicet.gov.ar/publica/grafico/show-publico/838","https://cifras.conicet.gov.ar/publica/grafico/downloadDataset/838/7f343c3ece60ca2e5414bd63ce19ef07"
854,"Investigadores por Área de Conocimiento","","https://cifras.conicet.gov.ar/publica/grafico/show-publico/854","https://cifras.conicet.gov.ar/publica/grafico/downloadDataset/854/77f8a8066ee3c12d249a59b905c4ca7e"
857,"Personal por Escalafón","","https://cifras.conicet.gov.ar/publica/grafico/show-publico/857","https://cifras.conicet.gov.ar/publica/grafico/downloadDataset/857/5a6fbb3efefe30b014315f06566ec071"
858,"Personal por Escalafón y Categoría","1999","https://cifras.conicet.gov.ar/publica/grafico/show-publico/858","https://cifras.conicet.gov.ar/publica/grafico/downloadDataset/858/9053d3839a8a6f05922914a1c0514455"
863,"Investigadores por Año y Tipo de Lugar de Trabajo","2007, 2020","https://cifras.conicet.gov.ar/publica/grafico/show-publico/863","https://cifras.conicet.gov.ar/publica/grafico/downloadDataset/863/8cf93f45b923032194afaa2929caa0c2"
865,"Investigadores por Categoría, Área de Conocimiento y Año","2023","https://cifras.conicet.gov.ar/publica/grafico/show-publico/865","https://cifras.conicet.gov.ar/publica/grafico/downloadDataset/865/213da34441a57c144473b72af1c32578"
868,"Personal por Año y Provincia","2000","https://cifras.conicet.gov.ar/publica/grafico/show-publico/868","https://cifras.conicet.gov.ar/publica/grafico/downloadDataset/868/99af9e2ab533e707458eb79adf31977b"
875,"Investigadores por Área de Conocimiento y Provincia","2023","https://cifras.conicet.gov.ar/publica/grafico/show-publico/875","https://cifras.conicet.gov.ar/publica/grafico/downloadDataset/875/3b1ed5a9062374a15834fcdb047349a9"
876,"Investigadores por Provincia y Tipo de Lugar de Trabajo","2023, 1997","https://cifras.conicet.gov.ar/publica/grafico/show-publico/876","https://cifras.conicet.gov.ar/publica/grafico/downloadDataset/876/0db1aca1a0dccd4aa7a231ca03e40c01"
880,"Investigadores por Área de Conocimiento y Tipo de Lugar de Trabajo","2023, 1996","https://cifras.conicet.gov.ar/publica/grafico/show-publico/880","https://cifras.conicet.gov.ar/publica/grafico/downloadDataset/880/a51de0f212a51313d222adb251df8e08"
881,"Investigadores por Año y Provincia","2000","https://cifras.conicet.gov.ar/publica/grafico/show-publico/881","https://cifras.conicet.gov.ar/publica/grafico/downloadDataset/881/ac933c20eacd560a465278fab9ee20e1"
882,"Relación Becario / Investigador por Provincia","2000","https://cifras.conicet.gov.ar/publica/grafico/show-publico/882","https://cifras.conicet.gov.ar/publica/grafico/downloadDataset/882/20ec249225ace4d53b47523395ee037a"
884,"Investigadores por Área de Conocimiento y Género","2023, 2027","https://cifras.conicet.gov.ar/publica/grafico/show-publico/884","https://cifras.conicet.gov.ar/publica/grafico/downloadDataset/884/7dbff6a5e032fe92f89e989d2f162e3b"
886,"Personal de Apoyo por Categoría","","https://cifras.conicet.gov.ar/publica/grafico/show-publico/886","https://cifras.conicet.gov.ar/publica/grafico/downloadDataset/886/848accd7499af96dcf37d42b4081b12c"
887,"Becas financiadas por el CONICET según Área de Conocimiento","","https://cifras.conicet.gov.ar/publica/grafico/show-publico/887","https://cifras.conicet.gov.ar/publica/grafico/downloadDataset/887/4d6f78ef28493b3b75d91912bd5d444c"
888,"Personal de Apoyo según Tipo de Lugar de Trabajo","","https://cifras.conicet.gov.ar/publica/grafico/show-publico/888","https://cifras.conicet.gov.ar/publica/grafico/downloadDataset/888/fa3a05429cd0039512704a3354a3cced"
890,"Becas financiadas por el CONICET según Tipo de Beca","","https://cifras.conicet.gov.ar/publica/grafico/show-publico/890","https://cifras.conicet.gov.ar/publica/grafico/downloadDataset/890/f88058e548a895919d5ec2df9f10e53c"
891,"Personal de Apoyo por Categoría y Tipo de Lugar de Trabajo","1939, 1999","https://cifras.conicet.gov.ar/publica/grafico/show-publico/891","https://cifras.conicet.gov.ar/publica/grafico/downloadDataset/891/cf516559fe8ccf655279245a65fa3978"
892,"Personal de Apoyo por Año y Provincia","2000","https://cifras.conicet.gov.ar/publica/grafico/show-publico/892","https://cifras.conicet.gov.ar/publica/grafico/downloadDataset/892/f4de2b0ff982ef4e91d601f72672cd0c"
895,"Personal de Apoyo por Categoría y Género","1999","https://cifras.conicet.gov.ar/publica/grafico/show-publico/895","https://cifras.conicet.gov.ar/publica/grafico/downloadDataset/895/03d41257c1c3c70f1b965c15c0905c23"
897,"Relación Personal de Apoyo / Investigador por Provincia","2000","https://cifras.conicet.gov.ar/publica/grafico/show-publico/897","https://cifras.conicet.gov.ar/publica/grafico/downloadDataset/897/56484a7e4999c96d0bf249cad4afc090"
899,"Becas financiadas por el CONICET según Tipo de Beca y Área de Conocimiento","2023, 2084, 2071","https://cifras.conicet.gov.ar/publica/grafico/show-publico/899","https://cifras.conicet.gov.ar/publica/grafico/downloadDataset/899/c9db6594179dbeef87dc2c1a73017fa2"
902,"Becas financiadas por el CONICET por Área de Conocimiento y Tipo de Lugar de Trabajo","1916","https://cifras.conicet.gov.ar/publica/grafico/show-publico/902","https://cifras.conicet.gov.ar/publica/grafico/downloadDataset/902/374633546f1c926b2212a841cef12f78"
903,"Becas financiadas por el CONICET según Año y Provincia","2000","https://cifras.conicet.gov.ar/publica/grafico/show-publico/903","https://cifras.conicet.gov.ar/publica/grafico/downloadDataset/903/590f9cf6fc0e2e2bb373a276467bd477"
904,"Becas financiadas por el CONICET según Área de Conocimiento y Provincia","2023","https://cifras.conicet.gov.ar/publica/grafico/show-publico/904","https://cifras.conicet.gov.ar/publica/grafico/downloadDataset/904/45e76c2c44f241e0c5a49556817aa9c3"
905,"Becas financiadas por el CONICET según Provincia y Tipo de Lugar de Trabajo","","https://cifras.conicet.gov.ar/publica/grafico/show-publico/905","https://cifras.conicet.gov.ar/publica/grafico/downloadDataset/905/a2b65a13f6c6734e25d2d323c07206d8"
907,"Becas financiadas por el CONICET por Tipo de Beca y Género","","https://cifras.conicet.gov.ar/publica/grafico/show-publico/907","https://cifras.conicet.gov.ar/publica/grafico/downloadDataset/907/20d6abae65fb06cbf5a70291a085d7fb"
908,"Becas financiadas por el CONICET según Área de Conocimiento y Género","1966","https://cifras.conicet.gov.ar/publica/grafico/show-publico/908","https://cifras.conicet.gov.ar/publica/grafico/downloadDataset/908/5dd09f1fc4931cf1e4ee30f6d883d905"
911,"Investigadores por Categoría","","https://cifras.conicet.gov.ar/publica/grafico/show-publico/911","https://cifras.conicet.gov.ar/publica/grafico/downloadDataset/911/3440b95677c099c3d3ecd8e1a8f45859"
912,"Investigadores por Categoría y Género","2089","https://cifras.conicet.gov.ar/publica/grafico/show-publico/912","https://cifras.conicet.gov.ar/publica/grafico/downloadDataset/912/b50ceba1097b73abb4cb24697f14c6dd"
913,"Cantidad de Institutos de investigación por Provincia","2000","https://cifras.conicet.gov.ar/publica/grafico/show-publico/913","https://cifras.conicet.gov.ar/publica/grafico/downloadDataset/913/804620330edfdeb582a75bfc6d3ee979"
914,"Directores/as de Red Institucional y Unidades de Gestión por género","","https://cifras.conicet.gov.ar/publica/grafico/show-publico/914","https://cifras.conicet.gov.ar/publica/grafico/downloadDataset/914/ac2f0707a9ac62b7c02ee7010fdeeb7b"
915,"Cantidad de Institutos de investigación por Área de Conocimiento","","https://cifras.conicet.gov.ar/publica/grafico/show-publico/915","https://cifras.conicet.gov.ar/publica/grafico/downloadDataset/915/69f7e65b00d115522ec03a9bba52e3c6"
917,"Cantidad de Proyectos de Investigación Plurianuales (PIP) vigentes por Área de Conocimiento","","https://cifras.conicet.gov.ar/publica/grafico/show-publico/917","https://cifras.conicet.gov.ar/publica/grafico/downloadDataset/917/51e3ebe1592b36c2eb26511ba074348b"
918,"Cantidad de Proyectos de Investigación Plurianuales (PIP) vigentes por Disciplina","","https://cifras.conicet.gov.ar/publica/grafico/show-publico/918","https://cifras.conicet.gov.ar/publica/grafico/downloadDataset/918/622d2c10a8436e53f97e51f4d1d8a6f2"
919,"Cantidad de Proyectos de Investigación Plurianuales (PIP) vigentes por provincia","2000","https://cifras.conicet.gov.ar/publica/grafico/show-publico/919","https://cifras.conicet.gov.ar/publica/grafico/downloadDataset/919/c71180773bc911cb303f1fe7d384a046"
920,"Cantidad de Proyectos de Investigación Orientada (PIO) vigentes por Provincia","2000","https://cifras.conicet.gov.ar/publica/grafico/show-publico/920","https://cifras.conicet.gov.ar/publica/grafico/downloadDataset/920/0f885b58ca50322fd9fc1b804cb2ea0f"
921,"Cantidad de Proyectos de Investigación Orientada (PIO) vigentes por Disciplina","","https://cifras.conicet.gov.ar/publica/grafico/show-publico/921","https://cifras.conicet.gov.ar/publica/grafico/downloadDataset/921/dbaf9ae595cb8779344776c47201d894"
922,"Cantidad de Proyectos de Investigación Orientada (PIO) vigentes por Área de Conocimiento","","https://cifras.conicet.gov.ar/publica/grafico/show-publico/922","https://cifras.conicet.gov.ar/publica/grafico/downloadDataset/922/af0bc8af8f42f9417da1ea47c37b1f8c"
923,"Cantidad de Proyectos de Investigación Orientada (PIO) vigentes por Contraparte","","https://cifras.conicet.gov.ar/publica/grafico/show-publico/923","https://cifras.conicet.gov.ar/publica/grafico/downloadDataset/923/0fcf31eb865687e70ecfcce4cf34f4e2"
924,"Cantidad de Proyectos de Investigación Bianual (PIBAA) vigentes por Área de conocimiento","","https://cifras.conicet.gov.ar/publica/grafico/show-publico/924","https://cifras.conicet.gov.ar/publica/grafico/downloadDataset/924/7b95ad38780db11309332ecbb190b2b2"
925,"Cantidad de Proyectos de Investigación Bianual (PIBAA) vigentes por Disciplina","","https://cifras.conicet.gov.ar/publica/grafico/show-publico/925","https://cifras.conicet.gov.ar/publica/grafico/downloadDataset/925/b7cf5c7c830796cdc0162170bc5f7c96"
926,"Cantidad de Proyectos de Investigación Bianual (PIBAA) vigentes por provincia","2000","https://cifras.conicet.gov.ar/publica/grafico/show-publico/926","https://cifras.conicet.gov.ar/publica/grafico/downloadDataset/926/1045f05cffa98822b03c1d295d350a2d"
927,"Cantidad de Proyectos de Investigación de Unidades Ejecutoras (PUE) vigentes por Provincia","2000","https://cifras.conicet.gov.ar/publica/grafico/show-publico/927","https://cifras.conicet.gov.ar/publica/grafico/downloadDataset/927/10902727cf3c1d403f11c224ba6dcf88"
928,"Cantidad de Proyectos de Investigación de Unidades Ejecutoras (PUE) vigentes por Área de Conocimiento","","https://cifras.conicet.gov.ar/publica/grafico/show-publico/928","https://cifras.conicet.gov.ar/publica/grafico/downloadDataset/928/939551798f98bc432b02a3c1331f7efe"
929,"Cantidad de Proyectos para “Preservación, recuperación y digitalización de colecciones de interés científico de Argentina” vigentes por Área de Conocimiento","2023","https://cifras.conicet.gov.ar/publica/grafico/show-publico/929","https://cifras.conicet.gov.ar/publica/grafico/downloadDataset/929/64384cf461e36a5cc9e09389c4e55298"
930,"Cantidad de Proyectos para “Preservación, recuperación y digitalización de colecciones de interés científico de Argentina” vigentes por provincia","2023, 2000","https://cifras.conicet.gov.ar/publica/grafico/show-publico/930","https://cifras.conicet.gov.ar/publica/grafico/downloadDataset/930/449a71f58a61694f172e2cb575bbbb5f"
931,"Cantidad de Proyectos para “Preservación, recuperación y digitalización de colecciones de interés científico de Argentina” vigentes por Disciplina","2023","https://cifras.conicet.gov.ar/publica/grafico/show-publico/931","https://cifras.conicet.gov.ar/publica/grafico/downloadDataset/931/e6ae43c8787c15c70f2005bd9259ebcb"
932,"Cantidad de Proyectos de Cooperación Internacional (PCI) vigentes por Área de Conocimiento","","https://cifras.conicet.gov.ar/publica/grafico/show-publico/932","https://cifras.conicet.gov.ar/publica/grafico/downloadDataset/932/fbee87f6ceeb9c02d80b648f75949bdd"
933,"Cantidad de Proyectos de Cooperación Internacional (PCI) vigentes por País de Contraparte","","https://cifras.conicet.gov.ar/publica/grafico/show-publico/933","https://cifras.conicet.gov.ar/publica/grafico/downloadDataset/933/73eedcf4989a10382a2ff3a378ceff01"
934,"Cantidad de Proyectos de Cooperación Internacional (PCI) vigentes por Provincia","2000","https://cifras.conicet.gov.ar/publica/grafico/show-publico/934","https://cifras.conicet.gov.ar/publica/grafico/downloadDataset/934/dd28857dc036e2020c7baf40f2d0e13c"
935,"Cantidad de Proyectos de Investigación vigentes por Provincia","2000","https://cifras.conicet.gov.ar/publica/grafico/show-publico/935","https://cifras.conicet.gov.ar/publica/grafico/downloadDataset/935/8a7ee76f1ad9ad96629f8f39fa58407f"
936,"Cantidad de Proyectos de Investigación vigentes por Área de Conocimiento","","https://cifras.conicet.gov.ar/publica/grafico/show-publico/936","https://cifras.conicet.gov.ar/publica/grafico/downloadDataset/936/3b5239bbc0dbaba48e9df8d7113f77bb"
937,"Cantidad de Proyectos de Investigación vigentes por Tipo","","https://cifras.conicet.gov.ar/publica/grafico/show-publico/937","https://cifras.conicet.gov.ar/publica/grafico/downloadDataset/937/b0de79bfa11c4e5006f4b01ed132dabc"
939,"Distribución de la facturación por actividades de Vinculación Tecnológica según provincia del Instituto prestador","2000, 2024, 2025","https://cifras.conicet.gov.ar/publica/grafico/show-publico/939","https://cifras.conicet.gov.ar/publica/grafico/downloadDataset/939/ef9ce43acf60456cd32d485d339d52f3"
940,"Distribución de la facturación por actividades de Vinculación Tecnológica según tipo de adoptante","2024, 2025","https://cifras.conicet.gov.ar/publica/grafico/show-publico/940","https://cifras.conicet.gov.ar/publica/grafico/downloadDataset/940/5eec5010d06acbcb220b9212e075aee7"
941,"Monto facturado por Servicios Tecnológicos de Alto Nivel (STAN) según Provincia del Prestador","2000, 2024, 2025","https://cifras.conicet.gov.ar/publica/grafico/show-publico/941","https://cifras.conicet.gov.ar/publica/grafico/downloadDataset/941/12144720681293ed9372f60a72ac9a81"
942,"Convenios de Vinculación Tecnológica iniciados","2025","https://cifras.conicet.gov.ar/publica/grafico/show-publico/942","https://cifras.conicet.gov.ar/publica/grafico/downloadDataset/942/f7b626502d31edf1a9f93718ffaaba76"
943,"Servicios Tecnológicos de Alto Nivel (STAN) prestados por Provincia del Prestador","2000, 2024, 2025","https://cifras.conicet.gov.ar/publica/grafico/show-publico/943","https://cifras.conicet.gov.ar/publica/grafico/downloadDataset/943/7db3115813dd06911e158a6cc420a807"
944,"Cantidad de Institutos de investigación por Provincia","2000","https://cifras.conicet.gov.ar/publica/grafico/show-publico/944","https://cifras.conicet.gov.ar/publica/grafico/downloadDataset/944/ee09e1b196491034187cf60cbce66561"
945,"Directores/as de Red Institucional y Unidades de Gestión por género","","https://cifras.conicet.gov.ar/publica/grafico/show-publico/945","https://cifras.conicet.gov.ar/publica/grafico/downloadDataset/945/99711dab839806bcb34b52b836ecea2b"
946,"Solicitudes de Patentes e Invenciones","2025","https://cifras.conicet.gov.ar/publica/grafico/show-publico/946","https://cifras.conicet.gov.ar/publica/grafico/downloadDataset/946/18b2a20c1b6334f0fb09a24cdbce3187"
948,"Cantidad de Proyectos de Investigación de Unidades Ejecutoras (PUE) vigentes por Área de Conocimiento","","https://cifras.conicet.gov.ar/publica/grafico/show-publico/948","https://cifras.conicet.gov.ar/publica/grafico/downloadDataset/948/9d5fc1f076802c90420275ff0aaf0f97"
949,"Cantidad de Proyectos de Investigación de Unidades Ejecutoras (PUE) vigentes por Provincia","2000","https://cifras.conicet.gov.ar/publica/grafico/show-publico/949","https://cifras.conicet.gov.ar/publica/grafico/downloadDataset/949/6f7684bbd6aaee86978a715e24007935"
950,"Cantidad de Proyectos de Investigación Plurianuales (PIP) vigentes por Disciplina","","https://cifras.conicet.gov.ar/publica/grafico/show-publico/950","https://cifras.conicet.gov.ar/publica/grafico/downloadDataset/950/d9c65c789b7ecdcb06f8e96ff18f2c6d"
951,"Cantidad de Proyectos de Investigación Plurianuales (PIP) vigentes por provincia","2000","https://cifras.conicet.gov.ar/publica/grafico/show-publico/951","https://cifras.conicet.gov.ar/publica/grafico/downloadDataset/951/43b24e0e7dcf947c63b8956b2d8bbcfd"
952,"Cantidad de Proyectos de Investigación Plurianuales (PIP) vigentes por Área de Conocimiento","","https://cifras.conicet.gov.ar/publica/grafico/show-publico/952","https://cifras.conicet.gov.ar/publica/grafico/downloadDataset/952/ca6d1d9ac759c4e560f5b96a1c44ead1"
954,"Cantidad de Proyectos de Cooperación Internacional (PCI) vigentes por Provincia","2000","https://cifras.conicet.gov.ar/publica/grafico/show-publico/954","https://cifras.conicet.gov.ar/publica/grafico/downloadDataset/954/c89e688962661b23bb972455d37ee0e7"
955,"Cantidad de Proyectos de Cooperación Internacional (PCI) vigentes por Área de Conocimiento","","https://cifras.conicet.gov.ar/publica/grafico/show-publico/955","https://cifras.conicet.gov.ar/publica/grafico/downloadDataset/955/6f17dd3221f5d332a769a9a32875269e"
957,"Cantidad de Proyectos de Investigación vigentes por Provincia","2000","https://cifras.conicet.gov.ar/publica/grafico/show-publico/957","https://cifras.conicet.gov.ar/publica/grafico/downloadDataset/957/591fe18187df3057316b6941ff5c1947"
958,"Cantidad de Proyectos de Investigación vigentes por Tipo","","https://cifras.conicet.gov.ar/publica/grafico/show-publico/958","https://cifras.conicet.gov.ar/publica/grafico/downloadDataset/958/c4c05c2252ef3e66eb4602e80214c5a6"
959,"Cantidad de Proyectos de Cooperación Internacional (PCI) vigentes por País de Contraparte","","https://cifras.conicet.gov.ar/publica/grafico/show-publico/959","https://cifras.conicet.gov.ar/publica/grafico/downloadDataset/959/e36b303f882c2c06b30d510387480542"
960,"Cantidad de Institutos de investigación por Área de Conocimiento","","https://cifras.conicet.gov.ar/publica/grafico/show-publico/960","https://cifras.conicet.gov.ar/publica/grafico/downloadDataset/960/39ef6575ba50ca1de23727d24dda3124"
961,"Cantidad de Proyectos de Investigación vigentes por Área de Conocimiento","","https://cifras.conicet.gov.ar/publica/grafico/show-publico/961","https://cifras.conicet.gov.ar/publica/grafico/downloadDataset/961/306f3130bb4a574ace8f4da387691fc5"
963,"Personal por Escalafón","","https://cifras.conicet.gov.ar/publica/grafico/show-publico/963","https://cifras.conicet.gov.ar/publica/grafico/downloadDataset/963/b263274655bf98cc2675c925f6e4d14c"
964,"Personal por Escalafón y Categoría","1918","https://cifras.conicet.gov.ar/publica/grafico/show-publico/964","https://cifras.conicet.gov.ar/publica/grafico/downloadDataset/964/e851d32d7696ae6962e25b6178a5db2a"
965,"Personal según Tipo de Lugar de Trabajo","","https://cifras.conicet.gov.ar/publica/grafico/show-publico/965","https://cifras.conicet.gov.ar/publica/grafico/downloadDataset/965/681e20933ce58c6162e2877d455dd154"
966,"Personal por Año y Provincia","2000","https://cifras.conicet.gov.ar/publica/grafico/show-publico/966","https://cifras.conicet.gov.ar/publica/grafico/downloadDataset/966/aaa26905b7cb94c8bdb2f8590938a652"
967,"Personal por Género","","https://cifras.conicet.gov.ar/publica/grafico/show-publico/967","https://cifras.conicet.gov.ar/publica/grafico/downloadDataset/967/bdd5c3b1b2b86ff14058ded843096194"
968,"Personal por Género","","https://cifras.conicet.gov.ar/publica/grafico/show-publico/968","https://cifras.conicet.gov.ar/publica/grafico/downloadDataset/968/0accc34ae39b6633b6163ec52507623d"
969,"Personal según Tipo de Lugar de Trabajo","","https://cifras.conicet.gov.ar/publica/grafico/show-publico/969","https://cifras.conicet.gov.ar/publica/grafico/downloadDataset/969/43f107bf57a716fdafb3044eb254a313"
970,"Investigadores por Área de Conocimiento","","https://cifras.conicet.gov.ar/publica/grafico/show-publico/970","https://cifras.conicet.gov.ar/publica/grafico/downloadDataset/970/afd6273507e4f02aad1fd6a101d0c6bd"
971,"Investigadores por Categoría","","https://cifras.conicet.gov.ar/publica/grafico/show-publico/971","https://cifras.conicet.gov.ar/publica/grafico/downloadDataset/971/aee1e79f6b5c9c22348f850803ba329c"
972,"Investigadores por Categoría, Área de Conocimiento y Año","1999, 2024","https://cifras.conicet.gov.ar/publica/grafico/show-publico/972","https://cifras.conicet.gov.ar/publica/grafico/downloadDataset/972/278ab55a836242b3eef5885bf0565439"
973,"Investigadores por Año y Tipo de Lugar de Trabajo","2007, 2020","https://cifras.conicet.gov.ar/publica/grafico/show-publico/973","https://cifras.conicet.gov.ar/publica/grafico/downloadDataset/973/9575d79bcbd8d748b6bf4848635649a9"
974,"Investigadores por Área de Conocimiento y Tipo de Lugar de Trabajo","1999, 2024, 1928","https://cifras.conicet.gov.ar/publica/grafico/show-publico/974","https://cifras.conicet.gov.ar/publica/grafico/downloadDataset/974/7609925f9ae89aba782caec140771181"
975,"Investigadores por Año y Provincia","2000","https://cifras.conicet.gov.ar/publica/grafico/show-publico/975","https://cifras.conicet.gov.ar/publica/grafico/downloadDataset/975/3d83f88a5858fe43295fba3a992e7024"
976,"Investigadores por Área de Conocimiento y Provincia","2024","https://cifras.conicet.gov.ar/publica/grafico/show-publico/976","https://cifras.conicet.gov.ar/publica/grafico/downloadDataset/976/dd069268958c288581f067371499ec92"
977,"Presupuesto","","https://cifras.conicet.gov.ar/publica/grafico/show-publico/977","https://cifras.conicet.gov.ar/publica/grafico/downloadDataset/977/63117d9a94399d37b862ee114ed254e7"
979,"Investigadores por Provincia y Tipo de Lugar de Trabajo","2024, 1913","https://cifras.conicet.gov.ar/publica/grafico/show-publico/979","https://cifras.conicet.gov.ar/publica/grafico/downloadDataset/979/771bff8e42aa4e73dca6fb7a8cd0105e"
991,"Investigadores por Rango de Edad","","https://cifras.conicet.gov.ar/publica/grafico/show-publico/991","https://cifras.conicet.gov.ar/publica/grafico/downloadDataset/991/8b5a171b173fca3d18124e0b6635003b"
994,"Investigadores por Rango de Edad","","https://cifras.conicet.gov.ar/publica/grafico/show-publico/994","https://cifras.conicet.gov.ar/publica/grafico/downloadDataset/994/152590fae5ae9422c45fb58cb7a1becb"
995,"Investigadores por Género","","https://cifras.conicet.gov.ar/publica/grafico/show-publico/995","https://cifras.conicet.gov.ar/publica/grafico/downloadDataset/995/a2a838ecdf58e808b9d97c94b0e5947a"
996,"Investigadores por Género","","https://cifras.conicet.gov.ar/publica/grafico/show-publico/996","https://cifras.conicet.gov.ar/publica/grafico/downloadDataset/996/1e3f09176318a76f90a86c97e71a6767"
998,"Investigadores por Área de Conocimiento y Género","1999, 2024, 1960","https://cifras.conicet.gov.ar/publica/grafico/show-publico/998","https://cifras.conicet.gov.ar/publica/grafico/downloadDataset/998/6f67a7747690186ef4d0e00b677a917d"
999,"Relación Becario / Investigador por Provincia","2000, 1999","https://cifras.conicet.gov.ar/publica/grafico/show-publico/999","https://cifras.conicet.gov.ar/publica/grafico/downloadDataset/999/a2a19e7b9b2d19a7731f7d4738e57964"
1000,"Personal de Apoyo por Categoría","","https://cifras.conicet.gov.ar/publica/grafico/show-publico/1000","https://cifras.conicet.gov.ar/publica/grafico/downloadDataset/1000/fb51b1526ddc2d5e96b56d3488813679"
1001,"Personal de Apoyo según Tipo de Lugar de Trabajo","","https://cifras.conicet.gov.ar/publica/grafico/show-publico/1001","https://cifras.conicet.gov.ar/publica/grafico/downloadDataset/1001/da165bbc62ba067972c96f2894f6b7a0"
1002,"Personal de Apoyo por Categoría y Tipo de Lugar de Trabajo","1999, 1918","https://cifras.conicet.gov.ar/publica/grafico/show-publico/1002","https://cifras.conicet.gov.ar/publica/grafico/downloadDataset/1002/822a92f2eb25213843d5bf5d7cb67bf6"
1003,"Personal de Apoyo por Año y Provincia","2000","https://cifras.conicet.gov.ar/publica/grafico/show-publico/1003","https://cifras.conicet.gov.ar/publica/grafico/downloadDataset/1003/480512a2d2b019d3bf0f08defcde4090"
1004,"Personal de Apoyo por Rango de Edad","","https://cifras.conicet.gov.ar/publica/grafico/show-publico/1004","https://cifras.conicet.gov.ar/publica/grafico/downloadDataset/1004/9f085037e1a0538a7bc33becbf4710e2"
1005,"Personal de Apoyo por Rango de Edad","","https://cifras.conicet.gov.ar/publica/grafico/show-publico/1005","https://cifras.conicet.gov.ar/publica/grafico/downloadDataset/1005/47291b58c28d15d149f57e7d7d951817"
1006,"Personal de Apoyo por Género","","https://cifras.conicet.gov.ar/publica/grafico/show-publico/1006","https://cifras.conicet.gov.ar/publica/grafico/downloadDataset/1006/6646b4313446a60a9da6d237b98149b5"
1007,"Personal de Apoyo por Género","","https://cifras.conicet.gov.ar/publica/grafico/show-publico/1007","https://cifras.conicet.gov.ar/publica/grafico/downloadDataset/1007/c09cae67f78cb84ed10618809d08384c"
1008,"Personal de Apoyo por Categoría y Género","1999, 1918","https://cifras.conicet.gov.ar/publica/grafico/show-publico/1008","https://cifras.conicet.gov.ar/publica/grafico/downloadDataset/1008/91dc67a2981eb363cc909c8af2eba723"
1009,"Relación Personal de Apoyo / Investigador por Provincia","2000, 1999","https://cifras.conicet.gov.ar/publica/grafico/show-publico/1009","https://cifras.conicet.gov.ar/publica/grafico/downloadDataset/1009/be94b3ab174dee09cfc8a6b0c7b5430c"
1010,"Personal Administrativo por Tipo de Lugar de Trabajo","","https://cifras.conicet.gov.ar/publica/grafico/show-publico/1010","https://cifras.conicet.gov.ar/publica/grafico/downloadDataset/1010/dc8aeaf27b42860aafcb33837251bbfc"
1011,"Personal Administrativo por Tipo de Lugar de Trabajo","","https://cifras.conicet.gov.ar/publica/grafico/show-publico/1011","https://cifras.conicet.gov.ar/publica/grafico/downloadDataset/1011/4448298aab65e26258e95b5cab7ca2d3"
1012,"Personal Administrativo por Rango de Edad","","https://cifras.conicet.gov.ar/publica/grafico/show-publico/1012","https://cifras.conicet.gov.ar/publica/grafico/downloadDataset/1012/4941bca6a92ba1a9f5519f74396364ea"
1013,"Personal Administrativo por Rango de Edad","","https://cifras.conicet.gov.ar/publica/grafico/show-publico/1013","https://cifras.conicet.gov.ar/publica/grafico/downloadDataset/1013/a8c242f4398c298d98f3c737128307b2"
1014,"Personal Administrativo por Género","","https://cifras.conicet.gov.ar/publica/grafico/show-publico/1014","https://cifras.conicet.gov.ar/publica/grafico/downloadDataset/1014/52699061984b2b20b951ba97f1d43957"
1015,"Personal Administrativo por Género","","https://cifras.conicet.gov.ar/publica/grafico/show-publico/1015","https://cifras.conicet.gov.ar/publica/grafico/downloadDataset/1015/ac91deb10f762a7e947d6b0623ffdac6"
1017,"Becas financiadas por el CONICET según Área de Conocimiento","","https://cifras.conicet.gov.ar/publica/grafico/show-publico/1017","https://cifras.conicet.gov.ar/publica/grafico/downloadDataset/1017/765fd1d53843d2c0c08328f6b4ef65c7"
1018,"Becas financiadas por el CONICET según Tipo de Beca","","https://cifras.conicet.gov.ar/publica/grafico/show-publico/1018","https://cifras.conicet.gov.ar/publica/grafico/downloadDataset/1018/327c8dad3e8b9ff3829249688c7d800f"
1019,"Becas financiadas por el CONICET según Tipo de Beca y Área de Conocimiento","1999, 2024, 1906, 1936","https://cifras.conicet.gov.ar/publica/grafico/show-publico/1019","https://cifras.conicet.gov.ar/publica/grafico/downloadDataset/1019/ddad21f0c1b8b4a49e768b4404c63bf3"
1020,"Becas financiadas por el CONICET según Tipo de Lugar de Trabajo","","https://cifras.conicet.gov.ar/publica/grafico/show-publico/1020","https://cifras.conicet.gov.ar/publica/grafico/downloadDataset/1020/3e06bd4d5382fa429d6676e64ae8f20a"
1021,"Becas financiadas por el CONICET según Tipo de Lugar de Trabajo","","https://cifras.conicet.gov.ar/publica/grafico/show-publico/1021","https://cifras.conicet.gov.ar/publica/grafico/downloadDataset/1021/7ede0fee0422bc0d532f3cb570eb85ef"
1022,"Becas financiadas por el CONICET por Área de Conocimiento y Tipo de Lugar de Trabajo","1999, 2015","https://cifras.conicet.gov.ar/publica/grafico/show-publico/1022","https://cifras.conicet.gov.ar/publica/grafico/downloadDataset/1022/de02fbf265ee7f60e9d7d0983e25d8bb"
1023,"Becas financiadas por el CONICET según Área de Conocimiento y Provincia","1999, 2024","https://cifras.conicet.gov.ar/publica/grafico/show-publico/1023","https://cifras.conicet.gov.ar/publica/grafico/downloadDataset/1023/165476c1424a74b509857d39c1ac4067"
1024,"Becas financiadas por el CONICET según Año y Provincia","2000","https://cifras.conicet.gov.ar/publica/grafico/show-publico/1024","https://cifras.conicet.gov.ar/publica/grafico/downloadDataset/1024/1a38d9591a8a7a42c08cc4df7e832181"
1025,"Becas financiadas por el CONICET según Provincia y Tipo de Lugar de Trabajo","","https://cifras.conicet.gov.ar/publica/grafico/show-publico/1025","https://cifras.conicet.gov.ar/publica/grafico/downloadDataset/1025/6e1cf4998b5e24588229283af6e7622c"
1026,"Becas financiadas por el CONICET según Género.","","https://cifras.conicet.gov.ar/publica/grafico/show-publico/1026","https://cifras.conicet.gov.ar/publica/grafico/downloadDataset/1026/6422bba03fc9a664d34a42cf2f572907"
1027,"Becas financiadas por el CONICET según Género.","","https://cifras.conicet.gov.ar/publica/grafico/show-publico/1027","https://cifras.conicet.gov.ar/publica/grafico/downloadDataset/1027/3fbfb5ed16ef601a39d341f4da4a1878"
1029,"Becas financiadas por el CONICET según Área de Conocimiento y Género","1999","https://cifras.conicet.gov.ar/publica/grafico/show-publico/1029","https://cifras.conicet.gov.ar/publica/grafico/downloadDataset/1029/c7a39b5d2eeeea294d8ac7c80a60c6b1"
1031,"Empresas de Base Tecnológica (EBT) reconocidas por CONICET según año de constitución","","https://cifras.conicet.gov.ar/publica/grafico/show-publico/1031","https://cifras.conicet.gov.ar/publica/grafico/downloadDataset/1031/98d240d43301a2e3a54ee2102585b1c7"
1032,"Becas financiadas por el CONICET por Tipo de Beca y Género","1999","https://cifras.conicet.gov.ar/publica/grafico/show-publico/1032","https://cifras.conicet.gov.ar/publica/grafico/downloadDataset/1032/f8dfd9946908f56bad1577b3707bfb25"
1035,"Investigadores por Categoría y Género","1999","https://cifras.conicet.gov.ar/publica/grafico/show-publico/1035","https://cifras.conicet.gov.ar/publica/grafico/downloadDataset/1035/cada455dd94c0b89a7db3b0de1e2a4ec"
1036,"Presupuesto","","https://cifras.conicet.gov.ar/publica/grafico/show-publico/1036","https://cifras.conicet.gov.ar/publica/grafico/downloadDataset/1036/9b8796d979ff9906f2258f6513d8c441"
1038,"Cantidad de Institutos de investigación por Provincia","2000","https://cifras.conicet.gov.ar/publica/grafico/show-publico/1038","https://cifras.conicet.gov.ar/publica/grafico/downloadDataset/1038/2d7f9fdb0242a9e623dfa52ef133957d"
1039,"Cantidad de Institutos de investigación por Área de Conocimiento","","https://cifras.conicet.gov.ar/publica/grafico/show-publico/1039","https://cifras.conicet.gov.ar/publica/grafico/downloadDataset/1039/12bc64b72887c9c109c2c814ed1fb45c"
1040,"Directores/as de Red Institucional y Unidades de Gestión por género","","https://cifras.conicet.gov.ar/publica/grafico/show-publico/1040","https://cifras.conicet.gov.ar/publica/grafico/downloadDataset/1040/2a9de92322b1f8159378bdad9bc019a8"
1041,"Evolución de la cantidad de Institutos de Investigación (Unidades Ejecutoras) por año","1999, 2000, 2003, 2005, 2007, 2010, 2013, 2015, 2017, 2018, 2019, 2020, 2021, 2022, 2023, 2024, 2025","https://cifras.conicet.gov.ar/publica/grafico/show-publico/1041","https://cifras.conicet.gov.ar/publica/grafico/downloadDataset/1041/49a115140d01b01fe5f52ab4463cbeae"
1042,"Cantidad de Proyectos de Investigación Plurianuales (PIP) vigentes por Área de Conocimiento","","https://cifras.conicet.gov.ar/publica/grafico/show-publico/1042","https://cifras.conicet.gov.ar/publica/grafico/downloadDataset/1042/d921c1973d44944b4209098261b06761"
1043,"Cantidad de Proyectos de Investigación Plurianuales (PIP) vigentes por Disciplina","","https://cifras.conicet.gov.ar/publica/grafico/show-publico/1043","https://cifras.conicet.gov.ar/publica/grafico/downloadDataset/1043/f4f04fc46207b0c55b8fb4dab22868f6"
1044,"Cantidad de Proyectos de Investigación Plurianuales (PIP) vigentes por provincia","2000","https://cifras.conicet.gov.ar/publica/grafico/show-publico/1044","https://cifras.conicet.gov.ar/publica/grafico/downloadDataset/1044/b1e42527586b5c9d27ef4f4e878220b0"
1048,"Cantidad de Proyectos de Investigación vigentes por Tipo","","https://cifras.conicet.gov.ar/publica/grafico/show-publico/1048","https://cifras.conicet.gov.ar/publica/grafico/downloadDataset/1048/c8214b706a98e4a13e1b4a13e74d7ae7"
1049,"Cantidad de Proyectos de Cooperación Internacional (PCI) vigentes por País de Contraparte","","https://cifras.conicet.gov.ar/publica/grafico/show-publico/1049","https://cifras.conicet.gov.ar/publica/grafico/downloadDataset/1049/43e297575215afdf7fd36e07becbf040"
1050,"Monto facturado por Servicios Tecnológicos de Alto Nivel (STAN) según Provincia del Prestador","2000, 2025, 2026","https://cifras.conicet.gov.ar/publica/grafico/show-publico/1050","https://cifras.conicet.gov.ar/publica/grafico/downloadDataset/1050/b627c0281af0594b896ba54e5be57bbb"
1051,"Servicios Tecnológicos de Alto Nivel (STAN) prestados por Provincia del Prestador","2000, 2025, 2026","https://cifras.conicet.gov.ar/publica/grafico/show-publico/1051","https://cifras.conicet.gov.ar/publica/grafico/downloadDataset/1051/a5ecd1acf72fb41156bb11bb83768a92"
1052,"Cantidad de Proyectos de Cooperación Internacional (PCI) vigentes por Área de Conocimiento","","https://cifras.conicet.gov.ar/publica/grafico/show-publico/1052","https://cifras.conicet.gov.ar/publica/grafico/downloadDataset/1052/7b9018056c770eb6fe8fa458cdb4fe50"
1053,"Cantidad de Proyectos de Cooperación Internacional (PCI) vigentes por Provincia","2000","https://cifras.conicet.gov.ar/publica/grafico/show-publico/1053","https://cifras.conicet.gov.ar/publica/grafico/downloadDataset/1053/a9ea2c2fabcd12188354d6d99c23ea9a"
1054,"Cantidad de Proyectos de Investigación vigentes por Provincia","2000","https://cifras.conicet.gov.ar/publica/grafico/show-publico/1054","https://cifras.conicet.gov.ar/publica/grafico/downloadDataset/1054/fd6689e80bf6173fda8fc5a22fb294a1"
1055,"Cantidad de Proyectos de Investigación vigentes por Área de Conocimiento","","https://cifras.conicet.gov.ar/publica/grafico/show-publico/1055","https://cifras.conicet.gov.ar/publica/grafico/downloadDataset/1055/71bc8caab40866b96bdd3d58fb1894d9"
1056,"Cantidad de Proyectos de Investigación en Temas Estratégicos Territoriales en Red (PIET-R) vigentes según Provincia del titular","2025, 2000","https://cifras.conicet.gov.ar/publica/grafico/show-publico/1056","https://cifras.conicet.gov.ar/publica/grafico/downloadDataset/1056/5b2f17bdce03fe22889c8b44671bd625"
1057,"Cantidad de Proyectos de Investigación en Temas Estratégicos Territoriales en Red (PIET-R) vigentes según Área de Conocimiento del titular","2025","https://cifras.conicet.gov.ar/publica/grafico/show-publico/1057","https://cifras.conicet.gov.ar/publica/grafico/downloadDataset/1057/78ab7714ac3a99cdf7ea6afc5538ffd0"
1058,"Cantidad de Proyectos de Investigación en Temas Estratégicos Territoriales en Red (PIET-R) vigentes según líneas estratégicas","2025","https://cifras.conicet.gov.ar/publica/grafico/show-publico/1058","https://cifras.conicet.gov.ar/publica/grafico/downloadDataset/1058/ea394a00c7c94e6e0e4d2f529a6b0bb6"
1059,"Solicitudes de Patentes e Invenciones","2026","https://cifras.conicet.gov.ar/publica/grafico/show-publico/1059","https://cifras.conicet.gov.ar/publica/grafico/downloadDataset/1059/94b5eff1d1627ddb131177c39fb43a5b"
1060,"Convenios de Vinculación Tecnológica iniciados","2026","https://cifras.conicet.gov.ar/publica/grafico/show-publico/1060","https://cifras.conicet.gov.ar/publica/grafico/downloadDataset/1060/d7d20545aacf7fca018bc7c3de5190cd"
1061,"Empresas de Base Tecnológica (EBT) reconocidas por CONICET según año de constitución","","https://cifras.conicet.gov.ar/publica/grafico/show-publico/1061","https://cifras.conicet.gov.ar/publica/grafico/downloadDataset/1061/8295569918ce8ef76384324f90bc1c70"
1062,"Distribución de la facturación por actividades de Vinculación Tecnológica según tipo de adoptante","2025, 2026","https://cifras.conicet.gov.ar/publica/grafico/show-publico/1062","https://cifras.conicet.gov.ar/publica/grafico/downloadDataset/1062/7367683bdf197812438892288dd0dd87"
1063,"Distribución de la facturación por actividades de Vinculación Tecnológica según provincia del Instituto prestador","2000, 2025, 2026","https://cifras.conicet.gov.ar/publica/grafico/show-publico/1063","https://cifras.conicet.gov.ar/publica/grafico/downloadDataset/1063/86e68f4d467d3ae1e636e320c17ea09a"
1064,"Distribución de integrantes de organos asesores por provincia","2021, 2000","https://cifras.conicet.gov.ar/publica/grafico/show-publico/1064","https://cifras.conicet.gov.ar/publica/grafico/downloadDataset/1064/a3c6aaaf310dab55fdb3755e5af03fb3"
1065,"Distribución de integrantes de organos asesores de Cs. Agrarias e Ingenierías según provincia","2000","https://cifras.conicet.gov.ar/publica/grafico/show-publico/1065","https://cifras.conicet.gov.ar/publica/grafico/downloadDataset/1065/f6a3f79c97727d801fff37919de2bcba"
1066,"Distribución de integrantes de organos asesores de Cs Biológicas y de la Salud según provincia","2000","https://cifras.conicet.gov.ar/publica/grafico/show-publico/1066","https://cifras.conicet.gov.ar/publica/grafico/downloadDataset/1066/ce5ee24f51636e9c920488ee4a422fd3"
1067,"Distribución de integrantes de organos asesores de Cs Exactas y Naturales según provincia","2000","https://cifras.conicet.gov.ar/publica/grafico/show-publico/1067","https://cifras.conicet.gov.ar/publica/grafico/downloadDataset/1067/67c07de913aafdf059f5948acf5a115d"
1068,"Distribución de integrantes de organos asesores de Cs Sociales y Humanidades según provincia","2000","https://cifras.conicet.gov.ar/publica/grafico/show-publico/1068","https://cifras.conicet.gov.ar/publica/grafico/downloadDataset/1068/a75202fa5f920c092a5f5f027b01b562"
1069,"Distribución de integrantes de organos asesores de Comisiones no discipinares según provincia","2000","https://cifras.conicet.gov.ar/publica/grafico/show-publico/1069","https://cifras.conicet.gov.ar/publica/grafico/downloadDataset/1069/47799b525dd87a8c9830372deaa9c076"
1070,"Distribución de integrantes de organos asesores según por provincia","2025, 2000","https://cifras.conicet.gov.ar/publica/grafico/show-publico/1070","https://cifras.conicet.gov.ar/publica/grafico/downloadDataset/1070/0f3eabbc3f08badd3df740df0cc87fdb"
1071,"Distribución de integrantes de organos asesores de Cs. Agrarias e Ingenierías según provincia","2000","https://cifras.conicet.gov.ar/publica/grafico/show-publico/1071","https://cifras.conicet.gov.ar/publica/grafico/downloadDataset/1071/fc817eb35bdb6e2e37a622fe44b4715e"
1072,"Distribución de integrantes de organos asesores de Cs Biológicas y de la Salud según provincia","2000","https://cifras.conicet.gov.ar/publica/grafico/show-publico/1072","https://cifras.conicet.gov.ar/publica/grafico/downloadDataset/1072/0d6d06f716d822230c31d3d67a9b867b"
1073,"Distribución de integrantes de organos asesores de Cs Exactas y Naturales según provincia","2000","https://cifras.conicet.gov.ar/publica/grafico/show-publico/1073","https://cifras.conicet.gov.ar/publica/grafico/downloadDataset/1073/b150c42776f16605ce85c7ce2268c090"
1074,"Distribución de integrantes de organos asesores de Cs Sociales y Humanidades según provincia","2000","https://cifras.conicet.gov.ar/publica/grafico/show-publico/1074","https://cifras.conicet.gov.ar/publica/grafico/downloadDataset/1074/b1f6e4ea5c34300a3f50f91bc881dd62"
1075,"Distribución de integrantes de organos asesores de Comisiones no discipinares según provincia","2000","https://cifras.conicet.gov.ar/publica/grafico/show-publico/1075","https://cifras.conicet.gov.ar/publica/grafico/downloadDataset/1075/3e76dad9cbc5eca6351956b241a85e60"
1076,"Distribución de los integrantes de órganos asesoras según gran área del conocimiento","","https://cifras.conicet.gov.ar/publica/grafico/show-publico/1076","https://cifras.conicet.gov.ar/publica/grafico/downloadDataset/1076/e696c42e2f917c7944916963aa34ada1"
1077,"Distribución de los integrantes de órganos asesoras según gran área del conocimiento","","https://cifras.conicet.gov.ar/publica/grafico/show-publico/1077","https://cifras.conicet.gov.ar/publica/grafico/downloadDataset/1077/8aaf0d5825e3e0e347d0773d5e46cff6"
1080,"Cantidad de órganos asesores Años 2021 -2025","2021, 2025, 2022, 2023, 2024","https://cifras.conicet.gov.ar/publica/grafico/show-publico/1080","https://cifras.conicet.gov.ar/publica/grafico/downloadDataset/1080/13326446893d0b970c76f2b7593951a6"
1081,"Recursos involucrados en los procesos de evaluación: órganos asesores e integrantes, pares consultores externos, personal de gestión y objetos evaluados","2021","https://cifras.conicet.gov.ar/publica/grafico/show-publico/1081","https://cifras.conicet.gov.ar/publica/grafico/downloadDataset/1081/b807c6ad7936f4e1c6804530a39393a9"
1082,"Recursos involucrados en los procesos de evaluación: órganos asesores e integrantes, pares consultores externos, personal de gestión y objetos evaluados","2022","https://cifras.conicet.gov.ar/publica/grafico/show-publico/1082","https://cifras.conicet.gov.ar/publica/grafico/downloadDataset/1082/ba05de30af92a698de2a537eeb845c5a"
1083,"Recursos involucrados en los procesos de evaluación: órganos asesores e integrantes, pares consultores externos, personal de gestión y objetos evaluados","2023, 2028","https://cifras.conicet.gov.ar/publica/grafico/show-publico/1083","https://cifras.conicet.gov.ar/publica/grafico/downloadDataset/1083/e638ad45078f2f6490b2fe87ababda34"
1084,"Recursos involucrados en los procesos de evaluación: órganos asesores e integrantes, pares consultores externos, personal de gestión y objetos evaluados","2024","https://cifras.conicet.gov.ar/publica/grafico/show-publico/1084","https://cifras.conicet.gov.ar/publica/grafico/downloadDataset/1084/2c081ffc07bc7c47796159464df74a10"
1085,"Recursos involucrados en los procesos de evaluación: órganos asesores e integrantes, pares consultores externos, personal de gestión y objetos evaluados","2025","https://cifras.conicet.gov.ar/publica/grafico/show-publico/1085","https://cifras.conicet.gov.ar/publica/grafico/downloadDataset/1085/e9ffab7678978b1d44aae53e391fbd56"
1087,"Distribución de los integrantes de órganos asesoras según gran área del conocimiento","","https://cifras.conicet.gov.ar/publica/grafico/show-publico/1087","https://cifras.conicet.gov.ar/publica/grafico/downloadDataset/1087/75459105bbe862e884dc3fe9fd2fcd01"
1088,"Distribución de los integrantes de órganos asesoras según gran área del conocimiento","","https://cifras.conicet.gov.ar/publica/grafico/show-publico/1088","https://cifras.conicet.gov.ar/publica/grafico/downloadDataset/1088/3204a55a9d3f616264622ef143e4edbc"
1089,"Cantidad de integrantes de órganos asesores Años 2021 -2025","2021, 2025, 2022, 2023, 2028, 2024","https://cifras.conicet.gov.ar/publica/grafico/show-publico/1089","https://cifras.conicet.gov.ar/publica/grafico/downloadDataset/1089/095875a9bfe7a04c7216120f8aa9203d"
1091,"Cantidad de objetos evaluados. Años 2021 -2025","2021, 2025, 2022, 2023, 2024","https://cifras.conicet.gov.ar/publica/grafico/show-publico/1091","https://cifras.conicet.gov.ar/publica/grafico/downloadDataset/1091/37e9c78329d4bbbfe6a8d751aea5c52a"
1092,"Cantidad de pares consultores. Años 2021 -2025","2021, 2025, 2022, 2023, 2024","https://cifras.conicet.gov.ar/publica/grafico/show-publico/1092","https://cifras.conicet.gov.ar/publica/grafico/downloadDataset/1092/7d51343fad2f48d774c73ec18b2faa16"
1093,"Ratio entre objetos evaluados e Integrantes de organos asesores. Años 2021-2025","2021, 2025, 2022, 2023, 2024","https://cifras.conicet.gov.ar/publica/grafico/show-publico/1093","https://cifras.conicet.gov.ar/publica/grafico/downloadDataset/1093/cbc2f44b3d609b285a90953262b68109"
1094,"Ratio entre objetos evaluados e Integrantes del personal de gestión. Años 2021-2025","2021, 2025, 2022, 2023, 2024","https://cifras.conicet.gov.ar/publica/grafico/show-publico/1094","https://cifras.conicet.gov.ar/publica/grafico/downloadDataset/1094/a5388b6e7eeb8ee4a5cd10de390264fc"
1095,"Ratio entre integrantes de órganos asesores e Integrantes del personal de gestión. Años 2021-2025","2021, 2025, 2022, 2023, 2024","https://cifras.conicet.gov.ar/publica/grafico/show-publico/1095","https://cifras.conicet.gov.ar/publica/grafico/downloadDataset/1095/0c4d508696e29da61e1d2c35bfb3a470"
1096,"Distribución de integrantes de organos asesores según provincia","2000","https://cifras.conicet.gov.ar/publica/grafico/show-publico/1096","https://cifras.conicet.gov.ar/publica/grafico/downloadDataset/1096/d167bc3e6c8876f62c257ab65f6727d3"
1097,"Distribución de integrantes de organos asesores de Cs. Agrarias e Ingenierías según provincia","2000","https://cifras.conicet.gov.ar/publica/grafico/show-publico/1097","https://cifras.conicet.gov.ar/publica/grafico/downloadDataset/1097/7f537d42f498048dd04c48b0582af94b"
1098,"Distribución de integrantes de organos asesores según provincia","2000","https://cifras.conicet.gov.ar/publica/grafico/show-publico/1098","https://cifras.conicet.gov.ar/publica/grafico/downloadDataset/1098/ba3ed4ec04d11550d960d58821be6eda"
1099,"Distribución de integrantes de organos asesores de Cs. Agrarias e Ingenierías según provincia","2000","https://cifras.conicet.gov.ar/publica/grafico/show-publico/1099","https://cifras.conicet.gov.ar/publica/grafico/downloadDataset/1099/8b9980b3859557d007d1ffaee4ebdcb3"
1100,"Distribución de integrantes de organos asesores de Cs Biológicas y de la Salud según provincia","2000","https://cifras.conicet.gov.ar/publica/grafico/show-publico/1100","https://cifras.conicet.gov.ar/publica/grafico/downloadDataset/1100/7b507c1b75c712404b5d29d855877363"
1101,"Distribución de integrantes de organos asesores de Cs Exactas y Naturales según provincia","2000","https://cifras.conicet.gov.ar/publica/grafico/show-publico/1101","https://cifras.conicet.gov.ar/publica/grafico/downloadDataset/1101/cb09c744cba7cf60fc775a5833b630e2"
1102,"Distribución de integrantes de organos asesores de Cs Sociales y Humanidades según provincia","2000","https://cifras.conicet.gov.ar/publica/grafico/show-publico/1102","https://cifras.conicet.gov.ar/publica/grafico/downloadDataset/1102/effe85ce41f43ee22d6257c50b88e58d"
1103,"Distribución de integrantes de organos asesores de Comisiones no discipinares según provincia","2000","https://cifras.conicet.gov.ar/publica/grafico/show-publico/1103","https://cifras.conicet.gov.ar/publica/grafico/downloadDataset/1103/d0eb2d10e286fc230243e657746ada8d"
1104,"Distribución de integrantes de organos asesores según provincia","2000, 2028","https://cifras.conicet.gov.ar/publica/grafico/show-publico/1104","https://cifras.conicet.gov.ar/publica/grafico/downloadDataset/1104/ae2e776542f969e83e6df6c4a307a4a1"
1105,"Distribución de integrantes de organos asesores de Cs. Agrarias e Ingenierías según provincia","2000","https://cifras.conicet.gov.ar/publica/grafico/show-publico/1105","https://cifras.conicet.gov.ar/publica/grafico/downloadDataset/1105/a11ae769849b75cc9df4608f7d1697b0"
1106,"Distribución de integrantes de organos asesores de Cs Biológicas y de la Salud según provincia","2000","https://cifras.conicet.gov.ar/publica/grafico/show-publico/1106","https://cifras.conicet.gov.ar/publica/grafico/downloadDataset/1106/66f6fc95acd020252b820af563e68bfe"
1107,"Distribución de integrantes de organos asesores de Cs Exactas y Naturales según provincia","2000","https://cifras.conicet.gov.ar/publica/grafico/show-publico/1107","https://cifras.conicet.gov.ar/publica/grafico/downloadDataset/1107/28725b4eab3e8ea7863d55a03ec0a824"
1108,"Distribución de integrantes de organos asesores de Cs Sociales y Humanidades según provincia","2000","https://cifras.conicet.gov.ar/publica/grafico/show-publico/1108","https://cifras.conicet.gov.ar/publica/grafico/downloadDataset/1108/2bbba13305b132bf51ae76c1a6f0d6e2"
1109,"Distribución de integrantes de organos asesores de Comisiones no discipinares según provincia","2000","https://cifras.conicet.gov.ar/publica/grafico/show-publico/1109","https://cifras.conicet.gov.ar/publica/grafico/downloadDataset/1109/25f09f131184a5ce7b547efdd01cb947"
1110,"Distribución de integrantes de organos asesores según provincia","2000","https://cifras.conicet.gov.ar/publica/grafico/show-publico/1110","https://cifras.conicet.gov.ar/publica/grafico/downloadDataset/1110/78b083908b678afaf01c407de9f2c1c3"
1111,"Distribución de integrantes de organos asesores de Cs. Agrarias e Ingenierías según provincia","2000","https://cifras.conicet.gov.ar/publica/grafico/show-publico/1111","https://cifras.conicet.gov.ar/publica/grafico/downloadDataset/1111/073d8eafd14138d897266b399241333a"
1112,"Distribución de integrantes de organos asesores de Cs Biológicas y de la Salud según provincia","2000","https://cifras.conicet.gov.ar/publica/grafico/show-publico/1112","https://cifras.conicet.gov.ar/publica/grafico/downloadDataset/1112/c592e3dc74891686c049f48601eb13b3"
1113,"Distribución de integrantes de organos asesores de Cs Exactas y Naturales según provincia","2000","https://cifras.conicet.gov.ar/publica/grafico/show-publico/1113","https://cifras.conicet.gov.ar/publica/grafico/downloadDataset/1113/360cfb0e938692b08d7616d7cc0d6168"
1114,"Distribución de integrantes de organos asesores de Cs Sociales y Humanidades según provincia","2000","https://cifras.conicet.gov.ar/publica/grafico/show-publico/1114","https://cifras.conicet.gov.ar/publica/grafico/downloadDataset/1114/ee02d9226c66c0821d15b80df37f093e"
1115,"Distribución de integrantes de organos asesores de las comisiones de Tecnologia según provincia","2000","https://cifras.conicet.gov.ar/publica/grafico/show-publico/1115","https://cifras.conicet.gov.ar/publica/grafico/downloadDataset/1115/c00fef616d369686e7196d8371268b16"
1116,"Distribución de integrantes de organos asesores de Comisiones no discipinares según provincia","2000","https://cifras.conicet.gov.ar/publica/grafico/show-publico/1116","https://cifras.conicet.gov.ar/publica/grafico/downloadDataset/1116/a4ab945d530cf0435fabc401ba7c7aeb"
1117,"Distribución de integrantes de organos asesores de las comisiones de Tecnologia según provincia","2000","https://cifras.conicet.gov.ar/publica/grafico/show-publico/1117","https://cifras.conicet.gov.ar/publica/grafico/downloadDataset/1117/c1b357f719513935573d8f18a1a3df24"
1118,"Distribución de integrantes de organos asesores de las comisiones de Tecnologia según provincia","2000","https://cifras.conicet.gov.ar/publica/grafico/show-publico/1118","https://cifras.conicet.gov.ar/publica/grafico/downloadDataset/1118/7eebcc619443af7c24328b468f801872"
1119,"Distribución de integrantes de organos asesores de las comisiones de Tecnologia según provincia","2000","https://cifras.conicet.gov.ar/publica/grafico/show-publico/1119","https://cifras.conicet.gov.ar/publica/grafico/downloadDataset/1119/3ce43bdb38252ad12ec386594ad262fd"
1120,"Distribución de integrantes de organos asesores de las comisiones de Tecnologia según provincia","2000","https://cifras.conicet.gov.ar/publica/grafico/show-publico/1120","https://cifras.conicet.gov.ar/publica/grafico/downloadDataset/1120/31a5bf99f23a994d89c84af07c69e912"
1121,"Recursos que participan en los procesos de evaluación de becas : Integrantes de órganos asesores, cantidad de organos asesores, objetos evaluados","2021","https://cifras.conicet.gov.ar/publica/grafico/show-publico/1121","https://cifras.conicet.gov.ar/publica/grafico/downloadDataset/1121/51f1ad8dbd84eea71edb0cf791fa01d5"
1122,"Recursos que participan en los procesos de evaluación de becas : Integrantes de órganos asesores, cantidad de organos asesores, objetos evaluados","2022","https://cifras.conicet.gov.ar/publica/grafico/show-publico/1122","https://cifras.conicet.gov.ar/publica/grafico/downloadDataset/1122/93b36eb44270492cd22361d164628ea2"
1123,"Recursos que participan en los procesos de evaluación de becas : Integrantes de órganos asesores, cantidad de organos asesores, objetos evaluados","2023","https://cifras.conicet.gov.ar/publica/grafico/show-publico/1123","https://cifras.conicet.gov.ar/publica/grafico/downloadDataset/1123/723b497d39a3f48257d9f1f096583d21"
1124,"Recursos que participan en los procesos de evaluación de becas : Integrantes de órganos asesores, cantidad de organos asesores, objetos evaluados","2024","https://cifras.conicet.gov.ar/publica/grafico/show-publico/1124","https://cifras.conicet.gov.ar/publica/grafico/downloadDataset/1124/40516c97b2d0f47f22c71a00c5226f29"
1125,"Recursos que participan en los procesos de evaluación de becas : Integrantes de órganos asesores, cantidad de organos asesores, objetos evaluados","2025","https://cifras.conicet.gov.ar/publica/grafico/show-publico/1125","https://cifras.conicet.gov.ar/publica/grafico/downloadDataset/1125/98a2e9988fa6592f43419694d4154c11"
1126,"Recursos que participan en los procesos de evaluación de la CICyT : Integrantes de órganos asesores, Pares externos, cantidad de organos asesores, objetos evaluados","2021","https://cifras.conicet.gov.ar/publica/grafico/show-publico/1126","https://cifras.conicet.gov.ar/publica/grafico/downloadDataset/1126/01992a352548aa6a4352e673aa19a6a7"
1127,"Recursos que participan en los procesos de evaluación de la CICyT : Integrantes de órganos asesores, Pares externos, cantidad de organos asesores, objetos evaluados","2022","https://cifras.conicet.gov.ar/publica/grafico/show-publico/1127","https://cifras.conicet.gov.ar/publica/grafico/downloadDataset/1127/616738bc1243989174cab41fbce96881"
1128,"Recursos que participan en los procesos de evaluación de la CICyT : Integrantes de órganos asesores, Pares externos, cantidad de organos asesores, objetos evaluados","2023","https://cifras.conicet.gov.ar/publica/grafico/show-publico/1128","https://cifras.conicet.gov.ar/publica/grafico/downloadDataset/1128/1344393b2c0bc06b6d6dca1eb95f3fd8"
1129,"Recursos que participan en los procesos de evaluación de la CICyT : Integrantes de órganos asesores, Pares externos, cantidad de organos asesores, objetos evaluados","2024","https://cifras.conicet.gov.ar/publica/grafico/show-publico/1129","https://cifras.conicet.gov.ar/publica/grafico/downloadDataset/1129/e21312b33785f0b151db1c780a12feb0"
1130,"Recursos que participan en los procesos de evaluación de la CICyT : Integrantes de órganos asesores, Pares externos, cantidad de organos asesores, objetos evaluados","2025","https://cifras.conicet.gov.ar/publica/grafico/show-publico/1130","https://cifras.conicet.gov.ar/publica/grafico/downloadDataset/1130/393c8ae038b9ef0bf3c8b3b03bbf700d"
1131,"Recursos que participan en los procesos de evaluación de financiamiento: Integrantes de órganos asesores, Pares externos, cantidad de organos asesores, objetos evaluados","2021","https://cifras.conicet.gov.ar/publica/grafico/show-publico/1131","https://cifras.conicet.gov.ar/publica/grafico/downloadDataset/1131/3bfe19c2dadcad077a8af68e498a66d1"
1132,"Recursos que participan en los procesos de evaluación de financiamiento: Integrantes de órganos asesores, Pares externos, cantidad de organos asesores, objetos evaluados","2022, 2057","https://cifras.conicet.gov.ar/publica/grafico/show-publico/1132","https://cifras.conicet.gov.ar/publica/grafico/downloadDataset/1132/737b1cc85c250004382ba7ce18bb7e71"
1133,"Recursos que participan en los procesos de evaluación de financiamiento: Integrantes de órganos asesores, Pares externos, cantidad de organos asesores, objetos evaluados","2023","https://cifras.conicet.gov.ar/publica/grafico/show-publico/1133","https://cifras.conicet.gov.ar/publica/grafico/downloadDataset/1133/8f43d13afd19a94286733d7e04952e9f"
1134,"Recursos que participan en los procesos de evaluación de financiamiento: Integrantes de órganos asesores, Pares externos, cantidad de organos asesores, objetos evaluados","2024","https://cifras.conicet.gov.ar/publica/grafico/show-publico/1134","https://cifras.conicet.gov.ar/publica/grafico/downloadDataset/1134/b9b63aa4e930558995bc9881e99a91c3"
1135,"Recursos que participan en los procesos de evaluación de financiamiento: Integrantes de órganos asesores, Pares externos, cantidad de organos asesores, objetos evaluados","2025","https://cifras.conicet.gov.ar/publica/grafico/show-publico/1135","https://cifras.conicet.gov.ar/publica/grafico/downloadDataset/1135/a009e6b1500c1db8424d7b5a6530b9f2"
1142,"Distribución de integrantes de organos asesores según sexo. Total y por Gran área del Conocimiento","2023, 2028","https://cifras.conicet.gov.ar/publica/grafico/show-publico/1142","https://cifras.conicet.gov.ar/publica/grafico/downloadDataset/1142/4553f3205ebec25bf42e33419867f6db"
1144,"Personal por Escalafón","","https://cifras.conicet.gov.ar/publica/grafico/show-publico/1144","https://cifras.conicet.gov.ar/publica/grafico/downloadDataset/1144/35dd82f2d600fb395d5162ff984be0f3"
1145,"Personal por Escalafón y Categoría","1999","https://cifras.conicet.gov.ar/publica/grafico/show-publico/1145","https://cifras.conicet.gov.ar/publica/grafico/downloadDataset/1145/d3cce64728ded6abe2c3be0d61a19ebd"
1146,"Personal según Tipo de Lugar de Trabajo","","https://cifras.conicet.gov.ar/publica/grafico/show-publico/1146","https://cifras.conicet.gov.ar/publica/grafico/downloadDataset/1146/2bc42dd32cc5439abb1bfa9ec8dafada"
1147,"Personal por Año y Provincia","2000","https://cifras.conicet.gov.ar/publica/grafico/show-publico/1147","https://cifras.conicet.gov.ar/publica/grafico/downloadDataset/1147/002c314c70143feaef6af1447000d285"
1149,"Investigadores por Área de Conocimiento","","https://cifras.conicet.gov.ar/publica/grafico/show-publico/1149","https://cifras.conicet.gov.ar/publica/grafico/downloadDataset/1149/926e286a96a0f7b2b460db434c8d48a7"
1150,"Investigadores por Categoría","","https://cifras.conicet.gov.ar/publica/grafico/show-publico/1150","https://cifras.conicet.gov.ar/publica/grafico/downloadDataset/1150/39c55e14f6e054894c3f893babffddda"
1151,"Investigadores por Categoría, Área de Conocimiento y Año","1999, 2025","https://cifras.conicet.gov.ar/publica/grafico/show-publico/1151","https://cifras.conicet.gov.ar/publica/grafico/downloadDataset/1151/a777c2d8fffc84827bbfefaef60030bd"
1152,"Investigadores por Año y Tipo de Lugar de Trabajo","2007, 2020","https://cifras.conicet.gov.ar/publica/grafico/show-publico/1152","https://cifras.conicet.gov.ar/publica/grafico/downloadDataset/1152/740d830a19106caa9fe942057681516b"
1153,"Investigadores por Área de Conocimiento y Tipo de Lugar de Trabajo","1999, 2025, 1911","https://cifras.conicet.gov.ar/publica/grafico/show-publico/1153","https://cifras.conicet.gov.ar/publica/grafico/downloadDataset/1153/50ac75705d35931fbdda1bf11094ed14"
1154,"Investigadores por Año y Provincia","2000","https://cifras.conicet.gov.ar/publica/grafico/show-publico/1154","https://cifras.conicet.gov.ar/publica/grafico/downloadDataset/1154/8d2979ea3bd79418c358bb1587badc45"
1155,"Investigadores por Área de Conocimiento y Provincia","1999, 2025","https://cifras.conicet.gov.ar/publica/grafico/show-publico/1155","https://cifras.conicet.gov.ar/publica/grafico/downloadDataset/1155/ca9eb3183961e2f30e8d90e4989ef487"
1156,"Investigadores por Provincia y Tipo de Lugar de Trabajo","1999, 2025","https://cifras.conicet.gov.ar/publica/grafico/show-publico/1156","https://cifras.conicet.gov.ar/publica/grafico/downloadDataset/1156/32f535247d00e6a0f5f5a09ab152a537"
1157,"Investigadores por Rango de Edad","","https://cifras.conicet.gov.ar/publica/grafico/show-publico/1157","https://cifras.conicet.gov.ar/publica/grafico/downloadDataset/1157/66fd995572106c1de55e291b2e5c1ea3"
1160,"Investigadores por Área de Conocimiento y Género","1999, 2025, 1975","https://cifras.conicet.gov.ar/publica/grafico/show-publico/1160","https://cifras.conicet.gov.ar/publica/grafico/downloadDataset/1160/fdb9bfc1ee0c16ba2c65dce8c035c7d0"
1161,"Relación Becario / Investigador por Provincia","2000, 1999","https://cifras.conicet.gov.ar/publica/grafico/show-publico/1161","https://cifras.conicet.gov.ar/publica/grafico/downloadDataset/1161/37fdd99eeb5921e02ea55ee73e075688"
1162,"Personal de Apoyo por Categoría","","https://cifras.conicet.gov.ar/publica/grafico/show-publico/1162","https://cifras.conicet.gov.ar/publica/grafico/downloadDataset/1162/7f9c0843ff278b60c0601e9230bda4ee"
1163,"Personal de Apoyo según Tipo de Lugar de Trabajo","","https://cifras.conicet.gov.ar/publica/grafico/show-publico/1163","https://cifras.conicet.gov.ar/publica/grafico/downloadDataset/1163/b49709dba7ad991eb124596cd2ae7045"
1165,"Personal de Apoyo por Categoría y Tipo de Lugar de Trabajo","1999","https://cifras.conicet.gov.ar/publica/grafico/show-publico/1165","https://cifras.conicet.gov.ar/publica/grafico/downloadDataset/1165/41984d464539db94966fd184df6d8d22"
1167,"Personal de Apoyo por Año y Provincia","2000","https://cifras.conicet.gov.ar/publica/grafico/show-publico/1167","https://cifras.conicet.gov.ar/publica/grafico/downloadDataset/1167/a1154b7df567ac6bf028eeb6026ac038"
1168,"Personal de Apoyo por Rango de Edad","","https://cifras.conicet.gov.ar/publica/grafico/show-publico/1168","https://cifras.conicet.gov.ar/publica/grafico/downloadDataset/1168/d402cafdf7ef5ee358c2be01fec178e1"
1169,"Personal de Apoyo por Género","","https://cifras.conicet.gov.ar/publica/grafico/show-publico/1169","https://cifras.conicet.gov.ar/publica/grafico/downloadDataset/1169/c5ae6e66d9b43a23b6ccb98c2d120efc"
1170,"Personal de Apoyo por Categoría y Género","1999","https://cifras.conicet.gov.ar/publica/grafico/show-publico/1170","https://cifras.conicet.gov.ar/publica/grafico/downloadDataset/1170/591208db612ba59a41d7c76d3476860e"
1171,"Relación Personal de Apoyo / Investigador por Provincia","2000, 1999","https://cifras.conicet.gov.ar/publica/grafico/show-publico/1171","https://cifras.conicet.gov.ar/publica/grafico/downloadDataset/1171/65a83f5b96bc92b01bdf97c1214cc24d"
1172,"Personal Administrativo por Tipo de Lugar de Trabajo","","https://cifras.conicet.gov.ar/publica/grafico/show-publico/1172","https://cifras.conicet.gov.ar/publica/grafico/downloadDataset/1172/e9d7f8e43058ee88d8ecc97d8ac99d19"
1173,"Personal Administrativo por Rango de Edad","","https://cifras.conicet.gov.ar/publica/grafico/show-publico/1173","https://cifras.conicet.gov.ar/publica/grafico/downloadDataset/1173/ebab258f0bdc0a039457f7a208502ede"
1174,"Personal Administrativo por Género","","https://cifras.conicet.gov.ar/publica/grafico/show-publico/1174","https://cifras.conicet.gov.ar/publica/grafico/downloadDataset/1174/497a69bf8816bd19ac53e46f05b8dab2"
1175,"Becas financiadas por el CONICET según Área de Conocimiento","","https://cifras.conicet.gov.ar/publica/grafico/show-publico/1175","https://cifras.conicet.gov.ar/publica/grafico/downloadDataset/1175/db50ec6a6ce0298e18baac4b866ef5e2"
1176,"Becas financiadas por el CONICET según Tipo de Beca","","https://cifras.conicet.gov.ar/publica/grafico/show-publico/1176","https://cifras.conicet.gov.ar/publica/grafico/downloadDataset/1176/d549488534f9a4777ed85740f8d0f26b"
1177,"Becas financiadas por el CONICET según Tipo de Beca y Área de Conocimiento","1999, 2025, 2012, 2084, 2054","https://cifras.conicet.gov.ar/publica/grafico/show-publico/1177","https://cifras.conicet.gov.ar/publica/grafico/downloadDataset/1177/6b21e1fe33f5f5e64c1791a8d8eb373e"
1178,"Becas financiadas por el CONICET según Tipo de Lugar de Trabajo","","https://cifras.conicet.gov.ar/publica/grafico/show-publico/1178","https://cifras.conicet.gov.ar/publica/grafico/downloadDataset/1178/d66e75ced61c9fba31e1e12ae3fb2586"
1179,"Becas financiadas por el CONICET por Área de Conocimiento y Tipo de Lugar de Trabajo","1999, 2012","https://cifras.conicet.gov.ar/publica/grafico/show-publico/1179","https://cifras.conicet.gov.ar/publica/grafico/downloadDataset/1179/30adf522c31436b9d6ee7e03863c31e0"
1180,"Becas financiadas por el CONICET según Año y Provincia","2000","https://cifras.conicet.gov.ar/publica/grafico/show-publico/1180","https://cifras.conicet.gov.ar/publica/grafico/downloadDataset/1180/f495ca2bb47508e10bf7940e292d10e9"
1181,"Becas financiadas por el CONICET según Área de Conocimiento y Provincia","1999, 2025, 2012","https://cifras.conicet.gov.ar/publica/grafico/show-publico/1181","https://cifras.conicet.gov.ar/publica/grafico/downloadDataset/1181/4bc6923bca61b5bd28003d2664fa086e"
1182,"Becas financiadas por el CONICET según Provincia y Tipo de Lugar de Trabajo","1999","https://cifras.conicet.gov.ar/publica/grafico/show-publico/1182","https://cifras.conicet.gov.ar/publica/grafico/downloadDataset/1182/5ad7120afacdfcc87248043faff19e3e"
1183,"Becas financiadas por el CONICET según Género.","","https://cifras.conicet.gov.ar/publica/grafico/show-publico/1183","https://cifras.conicet.gov.ar/publica/grafico/downloadDataset/1183/407f25a657a0caaacaca2db36104c3b7"
1185,"Becas financiadas por el CONICET por Tipo de Beca y Género","1999, 2054","https://cifras.conicet.gov.ar/publica/grafico/show-publico/1185","https://cifras.conicet.gov.ar/publica/grafico/downloadDataset/1185/5a43bd86bd68575c7ad4cc2adb35a778"
1186,"Becas financiadas por el CONICET según Área de Conocimiento y Género","1999, 2012","https://cifras.conicet.gov.ar/publica/grafico/show-publico/1186","https://cifras.conicet.gov.ar/publica/grafico/downloadDataset/1186/cb1bd716bcb3073d0a6aa0032c7e2c50"
1187,"Personal por Género","","https://cifras.conicet.gov.ar/publica/grafico/show-publico/1187","https://cifras.conicet.gov.ar/publica/grafico/downloadDataset/1187/8e443ff9b174e10235d78df8c2d7dc22"
1188,"Investigadores por Género","","https://cifras.conicet.gov.ar/publica/grafico/show-publico/1188","https://cifras.conicet.gov.ar/publica/grafico/downloadDataset/1188/dcd77009b4d0f96c97acf25cfd40050e"
1191,"Investigadores por Categoría y Género","1999, 2014","https://cifras.conicet.gov.ar/publica/grafico/show-publico/1191","https://cifras.conicet.gov.ar/publica/grafico/downloadDataset/1191/e60c7a64a90e41bf8e5f2156e0b2c870"
